All,සියලුම
None,"කිසිවක් නැත"
"Allowed Scopes","අවසර ලත් විෂය පථයන්"
"More permissions are needed to delete the ""%1"" item.","""%1"" අයිතමය මැකීමට තවත් අවසර අවශ්‍ය වේ."
"You need more permissions to apply some of the rule updates.","රීති යාවත්කාලීන සමහරක් යෙදීමට ඔබට තවත් අවසර අවශ්‍ය වේ."
"More permissions are needed to view this item.","මෙම අයිතමය බැලීමට තවත් අවසර අවශ්‍ය වේ."
"This entity needs to be assigned to a store view. Verify the entity assignment and try again.","මෙම ආයතනය ගබඩා දසුනකට පැවරිය යුතුය. ආයතන පැවරුම තහවුරු කර නැවත උත්සාහ කරන්න."
"This item needs to be assigned to a store view.
                Please select a website for this product in ""Product in Websites"".","මෙම අයිතමය ගබඩා දසුනකට පැවරිය යුතුය.
                කරුණාකර ""වෙබ් අඩවිවල නිෂ්පාදන"" තුළ මෙම නිෂ්පාදනය සඳහා වෙබ් අඩවියක් තෝරන්න."
"Orders can only be completed in an active store. Verify the store and try again.","ඇනවුම් සම්පූර්ණ කළ හැක්කේ සක්‍රිය ගබඩාවක පමණි. ගබඩාව තහවුරු කර නැවත උත්සාහ කරන්න."
"This item needs to be assigned to a store view. Assign item and try again.","මෙම අයිතමය ගබඩා දසුනකට පැවරිය යුතුය. අයිතමය පවරා නැවත උත්සාහ කරන්න."
"More permissions are needed to save this item.","මෙම අයිතමය සුරැකීමට තවත් අවසර අවශ්‍ය වේ."
"More permissions are needed to delete this item.","මෙම අයිතමය මැකීමට තවත් අවසර අවශ්‍ය වේ."
"Not allowed to edit the category's design attributes","ප්‍රවර්ගයේ නිර්මාණ ගුණාංග සංස්කරණය කිරීමට ඉඩ නොදේ"
"At least one website or store group needs to be selected. Select and try again.","අවම වශයෙන් එක් වෙබ් අඩවියක් හෝ ගබඩා කණ්ඩායමක් තෝරා ගැනීමට අවශ්‍ය වේ. තෝරා නැවත උත්සාහ කරන්න."
"More permissions are needed to set All Scopes to a Role.","සියලුම විෂය පථයන් භූමිකාවකට සැකසීමට තවත් අවසර අවශ්‍ය වේ."
"The ""%1"" website ID is incorrect. Verify the website ID and try again.","""%1"" වෙබ් අඩවියේ ID වැරදියි. වෙබ් අඩවි හැඳුනුම්පත තහවුරු කර නැවත උත්සාහ කරන්න."
"You need more permissions to access website ""%1"".","""%1"" වෙබ් අඩවියට පිවිසීමට ඔබට තවත් අවසර අවශ්‍ය වේ."
"The ""%1"" store ID is incorrect. Verify the store ID and try again.","""%1"" ගබඩා හැඳුනුම්පත වැරදියි. ගබඩා හැඳුනුම්පත තහවුරු කර නැවත උත්සාහ කරන්න."
"More permissions are needed to save this setting.","මෙම සැකසීම සුරැකීමට තවත් අවසර අවශ්‍ය වේ."
"Role Scopes","භූමිකාව විෂය පථයන්"
Custom,අභිරුචි
"Read Details","විස්තර කියවන්න"
"Mark as Read","කියවූ බවට සලකුණු කරන්න"
"Are you sure?","ඔබට විශ්වාසද?"
Remove,"ඉවත් කරන්න"
"Messages Inbox","පණිවිඩ එන ලිපි"
"You have %1 new system messages","ඔබට නව පද්ධති පණිවිඩ %1 ක් ඇත"
"You have %1 new system message","ඔබට නව පද්ධති පණිවිඩ %1 ක් ඇත"
"Incoming Message","එන පණිවිඩය"
close,සමීප
Notifications,දැනුම්දීම්
"The message has been marked as Read.","පණිවිඩය කියවීම ලෙස සලකුණු කර ඇත."
"We couldn't mark the notification as Read because of an error.","දෝෂයක් නිසා අපට දැනුම්දීම කියවීම ලෙස සලකුණු කිරීමට නොහැකි විය."
"Please select messages.","කරුණාකර පණිවිඩ තෝරන්න."
"A total of %1 record(s) have been marked as Read.","මුළු වාර්තා(ය) %1 ක් කියවා ඇති ලෙස ලකුණු කර ඇත."
"Total of %1 record(s) have been removed.","මුළු වාර්තා(ය) %1 ක් ඉවත් කර ඇත."
"We couldn't remove the messages because of an error.","දෝෂයක් නිසා අපට පණිවිඩ ඉවත් කිරීමට නොහැකි විය."
"The message has been removed.","පණිවිඩය ඉවත් කර ඇත."
"You have viewed and resolved all recent system notices. Please refresh the web page to clear the notice alert.","ඔබ මෑත පද්ධති නිවේදන සියල්ල බලා විසඳා ඇත. දැනුම්දීම් ඇඟවීම හිස් කිරීමට කරුණාකර වෙබ් පිටුව නැවුම් කරන්න."
"1 Hour","පැය 1 යි"
"2 Hours","පැය 2"
"6 Hours","පැය 6 යි"
"12 Hours","පැය 12 යි"
"24 Hours","පැය 24"
critical,විවේචනාත්මක
major,ප්රධාන
minor,සුළු
notice,දැනුම්දීම
"Wrong message type","වැරදි පණිවිඩ වර්ගය"
"Wrong notification ID specified.","වැරදි දැනුම්දීම් හැඳුනුම්පතක් සඳහන් කර ඇත."
"{{base_url}} is not recommended to use in a production environment to declare the Base Unsecure URL / Base Secure URL. We highly recommend changing this value in your Magento <a href=""%1"">configuration</a>.","මූලික අනාරක්ෂිත URL / Base Secure URL ප්‍රකාශ කිරීමට නිෂ්පාදන පරිසරයක {{base_url}} භාවිතා කිරීම නිර්දේශ නොකරයි. අපි ඔබගේ Magento <a href=""%1"">වින්‍යාසය</a>හි මෙම අගය වෙනස් කිරීම නිර්දේශ කරමු."
"One or more of the Cache Types are invalidated: %1. ","හැඹිලි වර්ග එකක් හෝ කිහිපයක් අවලංගු වේ: %1. "
"Please go to <a href=""%1"">Cache Management</a> and refresh cache types.","කරුණාකර <a href=""%1"">Cache Management</a> වෙත ගොස් හැඹිලි වර්ග නැවුම් කරන්න."
"We were unable to synchronize one or more media files. Please refer to the log file for details.","අපට මාධ්‍ය ගොනු එකක් හෝ කිහිපයක් සමමුහුර්ත කිරීමට නොහැකි විය. විස්තර සඳහා කරුණාකර ලොග් ගොනුව බලන්න."
"Synchronization of media storages has been completed.","මාධ්‍ය ගබඩා සමමුහුර්ත කිරීම සම්පූර්ණ කර ඇත."
"Your web server is set up incorrectly and allows unauthorized access to sensitive files. Please contact your hosting provider.","ඔබගේ වෙබ් සේවාදායකය වැරදි ලෙස සකසා ඇති අතර සංවේදී ගොනු වෙත අනවසරයෙන් ප්‍රවේශ වීමට ඉඩ සලසයි. කරුණාකර ඔබේ සත්කාරක සපයන්නා අමතන්න."
"System Messages:","පද්ධති පණිවිඩ:"
"Critical System Messages","විවේචනාත්මක පද්ධති පණිවිඩ"
"Major System Messages","ප්රධාන පද්ධති පණිවිඩ"
"System messages","පද්ධති පණිවිඩ"
Close,වසන්න
"See All (","ඔක්කොම බලන්න ("
" unread)"," නොකියවූ)"
"System Messages","පද්ධති පණිවිඩ"
"Show Toolbar","මෙවලම් තීරුව පෙන්වන්න"
"Show List","ලැයිස්තුව පෙන්වන්න"
"Use HTTPS to Get Feed","ආහාර ලබා ගැනීමට HTTPS භාවිතා කරන්න"
"Update Frequency","යාවත්කාලීන සංඛ්යාතය"
"Last Update","අවසාන යාවත්කාලීන කිරීම"
Severity,බරපතලකම
"Date Added","එකතු කළ දිනය"
Message,පණිවුඩය
Actions,ක්රියාවන්
"Manage Shopping Cart","සාප්පු කරත්තය කළමනාකරණය කරන්න"
"Create Order","ඇණවුම සාදන්න"
Back,ආපසු
"Add Products","නිෂ්පාදන එකතු කරන්න"
"Update Items and Quantities","අයිතම සහ ප්‍රමාණ යාවත්කාලීන කරන්න"
"Are you sure you want to clear your cart?","ඔබට ඔබේ කරත්තය හිස් කිරීමට අවශ්‍ය බව විශ්වාසද?"
"Clear my shopping cart","මගේ සාප්පු කරත්තය හිස් කරන්න"
"Add selections to my cart","මගේ කරත්තයට තේරීම් එක් කරන්න"
Cancel,"අවලංගු කරන්න"
"Shopping Cart for %1 in %2","%2න් %1 සඳහා සාප්පු කරත්තය"
"Select products you want to buy","ඔබට මිලදී ගැනීමට අවශ්‍ය නිෂ්පාදන තෝරන්න"
Product,නිෂ්පාදන
Price,මිල
Quantity,ප්රමාණය
"Products in the Comparison List (%1)","සංසන්දනාත්මක ලැයිස්තුවේ නිෂ්පාදන (%1)"
"Last ordered items (%1)","අවසන් වරට ඇණවුම් කළ අයිතම (%1)"
Products,නිෂ්පාදන
ID,හැඳුනුම්පත
"Recently Compared Products (%1)","මෑතකදී සසඳන ලද නිෂ්පාදන (%1)"
"Recently Viewed Products (%1)","මෑතකදී බැලූ නිෂ්පාදන (%1)"
"Add to Shopping Cart by SKU","SKU මගින් Shopping Cart වෙත එක් කරන්න"
"Add to Shopping Cart","සාප්පු කරත්තයට එකතු කරන්න"
"Wish List (%1)","පැතුම් ලැයිස්තුව (%1)"
Apply,"අයදුම් කරන්න"
Configure,"වින්‍යාස කරන්න"
"Add to Order by SKU","SKU මගින් ඇණවුමට එක් කරන්න"
"Add to Order","ඇණවුමට එකතු කරන්න"
"Add Products to Order","ඇණවුමට නිෂ්පාදන එකතු කරන්න"
"<span><span id=""sku-attention-num"">%1</span> product(s) require attention.</span>","<span><span id=""sku-attention-num"">%1</span> නිෂ්පාදන(ය) අවධානය අවශ්‍ය වේ.</span>"
"Remove All","සියල්ල ඉවත් කරන්න"
"Only %1%2%3 left in stock","තොගයේ ඉතිරිව ඇත්තේ %1%2%3 ක් පමණි"
"You can buy up to %1 of these per purchase.","ඔබට එක් මිලදී ගැනීමකට මේවායින් %1 ක් දක්වා මිලදී ගත හැක."
"You must buy at least %1 of these per purchase.","ඔබ එක් මිලදී ගැනීමකට අවම වශයෙන් මේවායින් %1 ක් මිලදී ගත යුතුය."
"Specify the product's options.","නිෂ්පාදනයේ විකල්ප සඳහන් කරන්න."
"Alert me when this item is available.","මෙම අයිතමය තිබෙන විට මට දැනුම් දෙන්න."
"This customer couldn't be found. Verify the customer and try again.","මෙම පාරිභෝගිකයා සොයාගත නොහැකි විය. පාරිභෝගිකයා තහවුරු කර නැවත උත්සාහ කරන්න."
"Shopping cart management is disabled for this customer.","මෙම පාරිභෝගිකයා සඳහා සාප්පු කරත්ත කළමනාකරණය අබල කර ඇත."
"This store couldn't be found. Verify the store and try again.","මෙම ගබඩාව සොයාගත නොහැකි විය. ගබඩාව තහවුරු කර නැවත උත්සාහ කරන්න."
Customers,පාරිභෝගිකයන්
"Shopping Cart","සාප්පු ට්රොලිය"
"An error occurred. For details, see the error log.","දෝෂයක් සිදු විය. විස්තර සඳහා, දෝෂ ලොගය බලන්න."
"You do not have access to this.","ඔබට මෙයට ප්‍රවේශය නැත."
"The ordered item needs to be loaded. Load the item and try again.","ඇණවුම් කළ අයිතමය පූරණය කළ යුතුය. අයිතමය පූරණය කර නැවත උත්සාහ කරන්න."
"The quote item ID needs to be received. Set the ID and try again.","උද්ධෘත අයිතම හැඳුනුම්පත ලැබිය යුතුය. හැඳුනුම්පත සකසා නැවත උත්සාහ කරන්න."
"The quote item needs to be loaded. Load the item and try again.","උද්ධෘත අයිතමය පූරණය කළ යුතුය. අයිතමය පූරණය කර නැවත උත්සාහ කරන්න."
"The wish list item ID needs to be received. Set the ID and try again.","කැමති ලැයිස්තු අයිතම හැඳුනුම්පත ලැබිය යුතුය. හැඳුනුම්පත සකසා නැවත උත්සාහ කරන්න."
"The wish list item needs to be loaded. Load the item and try again.","පැතුම් ලැයිස්තු අයිතමය පූරණය කළ යුතුය. අයිතමය පූරණය කර නැවත උත්සාහ කරන්න."
"An error has occurred. See error log for details.","දෝෂයක් සිදුවී ඇත. විස්තර සඳහා දෝෂ ලොගය බලන්න."
"You cannot configure a product.","ඔබට නිෂ්පාදනයක් වින්‍යාස කළ නොහැක."
"You removed the items.","ඔබ අයිතම ඉවත් කර ඇත."
"You removed the item.","ඔබ අයිතමය ඉවත් කළා."
"You added %1 to your shopping cart.","ඔබ ඔබේ සාප්පු කරත්තයට %1 එකතු කළා."
"You cannot add a product.","ඔබට නිෂ්පාදනයක් එකතු කළ නොහැක."
"Order by SKU","SKU විසින් ඇණවුම් කරන්න"
"The SKU was not found in the catalog.","නාමාවලියෙහි SKU හමු නොවීය."
"Availability: Out of stock.","ලබා ගත හැකි: තොග අවසන්."
"We don't have as many of these as you want.","ඔබට අවශ්‍ය තරම් මේවා අප සතුව නොමැත."
"You can't add this many to your cart.","ඔබට ඔබේ කරත්තයට මෙතරම් එකතු කළ නොහැක."
"You need to choose options for your item.","ඔබ ඔබේ අයිතමය සඳහා විකල්ප තෝරාගත යුතුය."
"We can't add the item to your cart.","අපට ඔබේ කරත්තයට අයිතමය එක් කළ නොහැක."
"Please enter an actual number in the ""Qty"" field.","කරුණාකර ""Qty"" ක්ෂේත්‍රයේ සත්‍ය අංකයක් ඇතුළු කරන්න."
"This product is assigned to another website.","මෙම නිෂ්පාදනය වෙනත් වෙබ් අඩවියකට පවරා ඇත."
"You can add only enabled products.","ඔබට එකතු කළ හැක්කේ සක්‍රීය නිෂ්පාදන පමණි."
"You cannot upload this file.","ඔබට මෙම ගොනුව උඩුගත කළ නොහැක."
"The file is empty.","ගොනුව හිස් ය."
"You have not entered a product SKU. Please <a href=""%1"">click here</a> to add product(s) by SKU.","ඔබ නිෂ්පාදන SKU ඇතුළු කර නැත. කරුණාකර <a href=""%1"">ක්ලික් කරන්න</a> SKU මගින් නිෂ්පාදන(ය) එක් කිරීමට."
"You have not entered a product SKU.","ඔබ නිෂ්පාදන SKU ඇතුළු කර නැත."
"We can't add a product to cart by id ""%1"".","අපට ""%1"" හැඳුනුම්පත මගින් කරත්තයට නිෂ්පාදනයක් එක් කළ නොහැක."
"Something went wrong while reordering this product.","මෙම නිෂ්පාදනය නැවත ඇණවුම් කිරීමේදී යම් දෙයක් වැරදී ඇත."
"We can't find this wish list.","අපට මෙම පැතුම් ලැයිස්තුව සොයාගත නොහැක."
"You added %1 product to your shopping cart.","ඔබ ඔබේ සාප්පු කරත්තයට නිෂ්පාදන %1 ක් එක් කළා."
"You added %1 products to your shopping cart.","ඔබ ඔබේ සාප්පු කරත්තයට නිෂ්පාදන %1 ක් එක් කළා."
"%1 product requires your attention.","%1 නිෂ්පාදනයට ඔබේ අවධානය අවශ්‍යයි."
"%1 products require your attention.","නිෂ්පාදන %1 ක් ගැන ඔබේ අවධානය අවශ්‍යයි."
"Yes, for Specified Customer Groups","ඔව්, නිශ්චිත පාරිභෝගික කණ්ඩායම් සඳහා"
"Yes, for Everyone","ඔව්, සෑම කෙනෙකුටම"
No,නැත
"The file is corrupt and can't be used.","ගොනුව දූෂිත වන අතර එය භාවිතා කළ නොහැක."
"Please upload the file in .csv format.","කරුණාකර ගොනුව .csv ආකෘතියෙන් උඩුගත කරන්න."
"%1 item(s) need your attention.","%1 අයිතම(ය) ගැන ඔබේ අවධානය අවශ්‍යයි."
"Apply Coupon Code","කූපන් කේතය යොදන්න"
"Remove Coupon Code","කූපන් කේතය ඉවත් කරන්න"
"The coupon code ""%1"" is not valid.","කූපන් කේතය ""%1"" වලංගු නැත."
"Shopping Cart Items","සාප්පු කරත්ත අයිතම"
Subtotal,"උප එකතුව"
Discount,වට්ටම්
"Row Subtotal","පේළි උප එකතුව"
Action,කටයුතු
"No ordered items","ඇණවුම් කළ අයිතම නොමැත"
"Total %1 product(s)","මුළු නිෂ්පාදන (ය) %1"
Subtotal:,"උප එකතුව:"
"Please select","කරුණාකර තෝරන්න"
"Move to Wish List","අවශ්ය ලැයිස්තු වෙත ගෙන යන්න"
"No item specified.","අයිතමයක් සඳහන් කර නැත."
"Are you sure you want to remove this item?","ඔබට මෙම අයිතමය ඉවත් කිරීමට අවශ්‍ය බව විශ්වාසද?"
"SKU number","SKU අංකය"
"Upload File","ගොනුව උඩුගත කරන්න"
"Your csv file must include ""sku"" and ""qty"" columns.","ඔබේ csv ගොනුවේ ""sku"" සහ ""qty"" තීරු ඇතුළත් විය යුතුය."
Reset,"යළි පිහිටුවන්න"
"Only <span id=""%1_max_allowed"">%2</span> in stock","තොගයේ ඇත්තේ <span id=""%1_max_allowed"">%2</span> ක් පමණි"
Item,අයිතමය
"See price before order confirmation.","ඇණවුම තහවුරු කිරීමට පෙර මිල බලන්න."
"What's this?","මෙය කුමක් ද?"
"Incl. Tax","ඇතුළු. බද්ද"
"Excl. Tax","හැර. බද්ද"
"Edit item parameters","අයිතම පරාමිතීන් සංස්කරණය කරන්න"
Edit,"සංස්කරණය කරන්න"
"Remove item","අයිතමය ඉවත් කරන්න"
"Products Requiring Attention","අවධානය යොමු කළ යුතු නිෂ්පාදන"
"Add to Cart","ගැලට එක් කරන්න"
Sku,ස්කු
File,ගොනුව
"File extensions allowed: .csv","ගොනු දිගු සඳහා අවසර දී ඇත: .csv"
"Add Row","පේළිය එක් කරන්න"
"Remove Row","පේළිය ඉවත් කරන්න"
"Add Products By SKU","SKU මගින් නිෂ්පාදන එකතු කරන්න"
"Shopping Cart Management","සාප්පු කරත්ත කළමනාකරණය"
"View Shopping Cart","සාප්පු කරත්තය බලන්න"
"View and modify Shopping Cart","සාප්පු කරත්තය බලන්න සහ වෙනස් කරන්න"
"Order by SKU Settings","SKU සිටුවම් මගින් ඇණවුම් කරන්න"
"Enable Order by SKU on My Account in Storefront","වෙළඳසැල් ඉදිරිපිට ඇති මගේ ගිණුමේ SKU මගින් ඇණවුම සබල කරන්න"
"Customer Groups","පාරිභෝගික කණ්ඩායම්"
"Apply Coupon","කූපනය යොදන්න"
"Order by SKU Description","SKU විස්තරය අනුව ඇණවුම් කරන්න"
"Display a Link to Loading a Spreadsheet","පැතුරුම්පතක් පූරණය කිරීමට සබැඳියක් පෙන්වන්න"
"Defines whether a link to My Account &gt; Order by SKU page will be displayed on the widget","SKU පිටුවෙන් මගේ ගිණුම &gt; ඇණවුම වෙත සබැඳියක් විජට් එකෙහි දර්ශනය වන්නේද යන්න නිර්වචනය කරයි"
"Link Text","සබැඳි පෙළ"
"The text of the link to the My Account &gt; Order by SKU page","SKU පිටුවෙන් මගේ ගිණුම &gt; ඇණවුම වෙත සබැඳියේ පෙළ"
"Load a list of SKUs","SKU ලැයිස්තුවක් පූරණය කරන්න"
"Order by SKU Template","SKU ආකෘතියෙන් ඇණවුම් කරන්න"
"Please correct the data sent.","කරුණාකර යවන ලද දත්ත නිවැරදි කරන්න."
"Entity type model '%1' is not found","ධාතු වර්ගයේ ආකෘතිය '%1' හමු නොවේ"
"Entity type model must be an instance of \Magento\CatalogImportExport\Model\Export\Product\Type\AbstractType","ආයතන වර්ගයේ ආකෘතිය \Magento\CatalogImportExport\Model\Export\Product\Type\Abstract Type හි උදාහරණයක් විය යුතුය."
"There are no product types available for export","අපනයනය සඳහා ලබා ගත හැකි නිෂ්පාදන වර්ග නොමැත"
"Related Search Terms","අදාළ සෙවුම් නියමයන්"
"Add New Search Term","නව සෙවුම් පදයක් එක් කරන්න"
button_label,බොත්තම_ලේබලය
"Missing search engine parameter.","සෙවුම් යන්ත්‍ර පරාමිතිය අතුරුදහන්."
"Successful! Test again?","සාර්ථක! නැවත පරීක්ෂා කරන්න?"
"Connection failed! Test again?","සම්බන්ධතාවය අසාර්ථක විය! නැවත පරීක්ෂා කරන්න?"
"Enable Search Recommendations","සෙවුම් නිර්දේශ සබල කරන්න"
"When you enable this option your site may slow down.","ඔබ මෙම විකල්පය සක්‍රීය කළ විට ඔබේ වෙබ් අඩවිය මන්දගාමී විය හැක."
"Search Recommendations Count","සෙවුම් නිර්දේශ ගණන"
"Show Results Count for Each Recommendation","එක් එක් නිර්දේශ සඳහා ප්‍රතිඵල ගණන පෙන්වන්න"
"Enable Search Suggestions","සෙවුම් යෝජනා සබල කරන්න"
"Search Suggestions Count","සෙවුම් යෝජනා ගණන"
"Show Results Count for Each Suggestion","එක් එක් යෝජනාව සඳහා ප්‍රතිඵල ගණන පෙන්වන්න"
"Related search terms","අදාළ සෙවුම් පද"
"Did you mean","ඔයා අදහස් කලේ"
"Search Query","සෙවුම් විමසුම"
Store,"ගබඩා කරන්න"
Results,ප්රතිපල
Uses,"භාවිතා කරයි"
"Redirect URL","හරවා යවන්න URL"
"Suggested Term","යෝජිත කාල සීමාව"
Yes,ඔව්
"Subscription status","දායකත්ව තත්ත්වය"
"Sorry, there has been an error processing your request. Please try again later.","සමාවන්න, ඔබගේ ඉල්ලීම සැකසීමේදී දෝෂයක් සිදුවී ඇත. කරුණාකර පසුව නැවත උත්සාහ කරන්න."
"The time value is using an unsupported format. Enter a supported format and try again.","කාල අගය සහාය නොදක්වන ආකෘතියක් භාවිතා කරයි. සහාය දක්වන ආකෘතියක් ඇතුළු කර නැවත උත්සාහ කරන්න."
"Cron settings can't be saved","Cron සැකසුම් සුරැකිය නොහැක"
"There was an error save new configuration value.","නව වින්‍යාස අගය සුරැකීමේ දෝෂයක් ඇති විය."
"Please select an industry.","කරුණාකර කර්මාන්තයක් තෝරන්න."
"--Please Select--","--කරුණාකර තෝරන්න--"
"Command ""%1"" was not found.","""%1"" විධානය හමු නොවීය."
"The data is invalid. Enter the data as a string or data that can be converted into a string and try again.","දත්ත වලංගු නැත. දත්ත තන්තුවක් ලෙස හෝ තන්තුවක් බවට පරිවර්තනය කළ හැකි දත්ත ඇතුළත් කර නැවත උත්සාහ කරන්න."
"The data is invalid. Enter the data as a string and try again.","දත්ත වලංගු නැත. තන්තුවක් ලෙස දත්ත ඇතුලත් කර නැවත උත්සාහ කරන්න."
"The data is invalid. Use a valid cipher method and try again.","දත්ත වලංගු නැත. වලංගු කේතාංක ක්‍රමයක් භාවිතා කර නැවත උත්සාහ කරන්න."
"Enter the encryption key and try again.","සංකේතාංකන යතුර ඇතුළත් කර නැවත උත්සාහ කරන්න."
"The ""%1"" source doesn't exist.","""%1"" මූලාශ්‍රය නොපවතී."
"These arguments can't be empty ""%1""","මෙම තර්ක හිස් විය නොහැක ""%1"""
"Cannot find predefined integration user!","පූර්ව නිශ්චිත ඒකාබද්ධ පරිශීලක සොයා ගත නොහැක!"
"File is not ready yet.","ගොනුව තවමත් සූදානම් නැත."
"Your Base URL has been changed and your reports are being updated. Advanced Reporting will be available once this change has been processed. Please try again later.","ඔබගේ මූලික URL වෙනස් කර ඇති අතර ඔබගේ වාර්තා යාවත්කාලීන වෙමින් පවතී. මෙම වෙනස සැකසූ පසු උසස් වාර්තාකරණය ලබා ගත හැකි වනු ඇත. කරුණාකර පසුව නැවත උත්සාහ කරන්න."
"Failed to synchronize data to the Magento Business Intelligence service. ","Magento Business Intelligence සේවාව වෙත දත්ත සමමුහුර්ත කිරීමට අසමත් විය. "
"Retry Synchronization","සමමුහුර්තකරණය නැවත උත්සාහ කරන්න"
TestMessage,"පරීක්ෂණ පණිවිඩය"
"Apps and Games","යෙදුම් සහ ක්‍රීඩා"
"Athletic/Sporting Goods","මලල ක්‍රීඩා/ක්‍රීඩා භාණ්ඩ"
"Art and Design","කලාව සහ නිර්මාණ"
"Advanced Reporting","උසස් වාර්තාකරණය"
"Gain new insights and take command of your business' performance, using our dynamic product, order, and customer reports tailored to your customer data.","අපගේ ගතික නිෂ්පාදන, ඇණවුම, සහ ඔබේ පාරිභෝගික දත්තවලට අනුව සකස් කරන ලද පාරිභෝගික වාර්තා භාවිතා කරමින් නව අවබෝධයක් ලබාගෙන ඔබේ ව්‍යාපාරයේ කාර්ය සාධනය පිළිබඳ විධානයක් ලබා ගන්න."
"Go to Advanced Reporting","උසස් වාර්තාකරණය වෙත යන්න"
Analytics,විශ්ලේෂණ
Configuration,මානකරනය
"Business Intelligence","ව්යාපාර බුද්ධිය"
"This service provides a dynamic suite of reports with rich insights about your business.
                Your reports can be accessed securely on a personalized dashboard outside of the admin panel by clicking on the
                ""Go to Advanced Reporting"" link. </br> For more information, see our <a target=""_blank"" href=""https://magento.com/legal/terms/cloud-terms"">
                terms and conditions</a>.","මෙම සේවාව ඔබේ ව්‍යාපාරය පිළිබඳ පොහොසත් අවබෝධයක් සහිත ගතික වාර්තා කට්ටලයක් සපයයි.

                ""උසස් වාර්තාකරණය වෙත යන්න"" සබැඳිය ක්ලික් කිරීමෙන් පරිපාලක පැනලයෙන් පිටත පුද්ගලාරෝපිත උපකරණ පුවරුවකට ඔබගේ වාර්තා ආරක්ෂිතව ප්‍රවේශ විය හැක. </br> වැඩි විස්තර සඳහා, අපගේ <a target=""_blank"" href=""https://magento.com/legal/terms/cloud-terms"">
                නියමයන් සහ කොන්දේසි</a>බලන්න."
"Advanced Reporting Service","උසස් වාර්තාකරණ සේවාව"
"Time of day to send data","දත්ත යැවීමට දවසේ වේලාව"
"Industry Data","කර්මාන්ත දත්ත"
Industry,කර්මාන්ත
"In order to personalize your Advanced Reporting experience, please select your industry.","ඔබේ උසස් වාර්තාකරණ අත්දැකීම පුද්ගලීකරණය කිරීම සඳහා, කරුණාකර ඔබේ කර්මාන්තය තෝරන්න."
"<strong>Get more insights from Magento Business Intelligence</strong>","<strong>Magento Business Intelligence</strong>වෙතින් තවත් අවබෝධයක් ලබා ගන්න"
"Magento Business Intelligence provides you with a simple and clear path to
                    becoming more data driven.</br> Learn more about <a target=""_blank""
                    href=""https://dashboard.rjmetrics.com/v2/magento/signup/"">Magento BI Essentials and BI Pro</a> tiers.","Magento Business Intelligence මඟින් ඔබට
                    වැඩි දත්තයක් බවට පත් වීමට සරල සහ පැහැදිලි මාර්ගයක් සපයයි.</br> Magento BI Essentials සහ BI Pro</a> ස්ථර <a target=""_blank""
                    href=""https://dashboard.rjmetrics.com/v2/magento/signup/"">ගැන තව දැන ගන්න."
"Auto Parts","වාහන අමතර කොටස්"
"Baby/Children’s Apparel, Gear and Toys","ළදරු/ළමා ඇඳුම්, ආම්පන්න සහ සෙල්ලම් බඩු"
"Beauty and Cosmetics","රූපලාවන්‍ය සහ ආලේපන"
"Books, Music and Magazines","පොත්, සංගීතය සහ සඟරා"
"Crafts and Stationery","අත්කම් සහ ලිපි ද්රව්ය"
"Consumer Electronics","පාරිභෝගික ඉලෙක්ට්රොනික උපකරණ"
"Deal Site","ගනුදෙනු අඩවිය"
"Fashion Apparel and Accessories","විලාසිතා ඇඟලුම් සහ උපාංග"
"Food, Beverage and Grocery","ආහාර, බීම සහ සිල්ලර බඩු"
"Home Goods and Furniture","ගෘහ භාණ්ඩ සහ ගෘහ භාණ්ඩ"
"Home Improvement","නිවාස වැඩිදියුණු කිරීම"
"Jewelry and Watches","ස්වර්ණාභරණ සහ ඔරලෝසු"
"Mass Merchant","මහා වෙළෙන්දා"
"Office Supplies","කාර්යාල සැපයුම්"
"Outdoor and Camping Gear","එළිමහන් සහ කඳවුරු ආම්පන්න"
"Pet Goods","සුරතල් භාණ්ඩ"
"Pharma and Medical Devices","ඖෂධ සහ වෛද්ය උපකරණ"
"Technology B2B","තාක්ෂණය B2B"
Other,වෙනත්
Done,කළා
Retry,"නැවත උත්සාහ කරන්න"
"'Action Details - #' .","'ක්‍රියා විස්තර - #' ."
"%1 item(s) have been scheduled for update.""","%1 අයිතම(ය) යාවත්කාලීන කිරීම සඳහා කාලසටහන්ගත කර ඇත."""
"Bulk Actions Log","තොග ක්‍රියා ලොගය"
"Bulk uuid %bulkUuid not exist","තොග uuid %bulkUuid නොපවතී"
"Topic %1","මාතෘකාව %1"
"Something went wrong while processing the request.","ඉල්ලීම සකසන අතරතුර යම් දෙයක් වැරදී ඇත."
"Error processing %key element of input data","ආදාන දත්තවල %ප්‍රධාන අංගය සැකසීමේ දෝෂයකි"
"Sorry, something went wrong during product prices update. Please see log for details.","සමාවන්න, නිෂ්පාදන මිල යාවත්කාලීන කිරීමේදී යමක් වැරදී ඇත. විස්තර සඳහා කරුණාකර ලොගය බලන්න."
"%1 item(s) are currently being updated.","%1 අයිතම(ය) දැනට යාවත්කාලීන වෙමින් පවතී."
"Task ""%1"": ","කාර්යය ""%1"": "
"%1 item(s) have been scheduled for update.","%1 අයිතම(ය) යාවත්කාලීන කිරීම සඳහා කාලසටහන්ගත කර ඇත."
"%1 item(s) have been successfully updated.","%1 අයිතම(ය) සාර්ථකව යාවත්කාලීන කර ඇත."
"%1 item(s) failed to update","%1 අයිතම(ය) යාවත්කාලීන කිරීමට අසමත් විය"
Details,විස්තර
"View Details","තොරතුරු පෙන්වන්න"
Dismiss,"අස් කරන්න"
"Pending, in queue...","පොරොත්තුවෙන්, පෝලිමේ..."
"%1 items selected for mass update","විශාල යාවත්කාලීන කිරීම සඳහා අයිතම %1 ක් තෝරා ඇත"
", %1 successfully updated",", %1 සාර්ථකව යාවත්කාලීන කරන ලදී"
", %1 failed to update",", %1 යාවත්කාලීන කිරීමට අසමත් විය"
"Something went wrong.","මොකක්හරි වැරැද්දක් වෙලා."
"Action Log","ක්රියාකාරී ලොගය"
Report,වාර්තාව
"Bulk Actions","තොග ක්රියාවන්"
"Action Logs","ක්රියාකාරී ලඝු-සටහන්"
"Days Saved in Log","ලොගයේ සුරැකි දින"
"Description of Operation","මෙහෙයුමේ විස්තරය"
Summary,සාරාංශය
"Start Time","ආරම්භක වේලාව"
"Items to Retry","නැවත උත්සාහ කිරීමට අයිතම"
"To retry, select the items and click “Retry”.","නැවත උත්සාහ කිරීමට, අයිතම තෝරා ""නැවත උත්සාහ කරන්න"" ක්ලික් කරන්න."
"Items That Can’t Be Updated.","යාවත්කාලීන කළ නොහැකි අයිතම."
Status,තත්ත්වය
"Meta Information","මෙටා තොරතුරු"
Error,දෝෂයකි
"Dismiss All Completed Tasks","සියලුම සම්පූර්ණ කළ කාර්යයන් ඉවත දමන්න"
"Action Details - #","ක්‍රියා විස්තර - #"
"Number of Records Affected","බලපෑමට ලක් වූ වාර්තා ගණන"
"You created the order.","ඔබ ඇණවුම නිර්මාණය කළා."
"Order saving error: %1","ඇණවුම් සුරැකීමේ දෝෂය: %1"
"Please choose a payment method.","කරුණාකර ගෙවීම් ක්‍රමයක් තෝරන්න."
"We can't process your order right now. Please try again later.","අපට දැන් ඔබගේ ඇණවුම ක්‍රියාවට නැංවිය නොහැක. කරුණාකර පසුව නැවත උත්සාහ කරන්න."
"An error occurred on the server. Please try to place the order again.","සේවාදායකයේ දෝෂයක් ඇති විය. කරුණාකර නැවත ඇණවුම කිරීමට උත්සාහ කරන්න."
"Credit Card: xxxx-%1","ක්රෙඩිට් කාඩ්: xxxx-%1"
"amount %1","මුදල %1"
failed.,"අසාර්ථක විය."
successful.,සාර්ථක.
authorize,අවසරලත්
"authorize and capture","අවසර දීම සහ අල්ලා ගැනීම"
capture,"අල්ලා ගැනීම"
refund,"ආපසු ගෙවීම"
void,හිස්
"Gateway error: %1","ද්වාර දෝෂය: %1"
"Something went wrong in the payment gateway.","ගෙවීම් දොරටුවේ යම් දෙයක් වැරදී ඇත."
"Invalid amount for capture.","අල්ලා ගැනීම සඳහා වලංගු නොවන මුදල."
"Payment capturing error.","ගෙවීම් ග්‍රහණය කිරීමේ දෝෂයකි."
"Invalid transaction ID.","වලංගු නොවන ගනුදෙනු හැඳුනුම්පතක්."
"Payment voiding error.","ගෙවීම් අවලංගු කිරීමේ දෝෂයකි."
"Invalid amount for refund.","ආපසු ගෙවීම සඳහා වලංගු නොවන මුදලක්."
"Payment refunding error.","ගෙවීම් ආපසු ගෙවීමේ දෝෂයකි."
"The transaction was declined because the response hash validation failed.","ප්‍රතිචාර හැෂ් වලංගු කිරීම අසාර්ථක වූ නිසා ගනුදෙනුව ප්‍රතික්ෂේප විය."
"This payment didn't work out because we can't find this order.","අපට මෙම ඇණවුම සොයාගත නොහැකි නිසා මෙම ගෙවීම ක්‍රියාත්මක වූයේ නැත."
"There was a payment authorization error.","ගෙවීම් අවසර දීමේ දෝෂයක් ඇති විය."
"Please enter a transaction ID to authorize this payment.","මෙම ගෙවීම අනුමත කිරීමට ගනුදෙනු හැඳුනුම්පතක් ඇතුළු කරන්න."
"Something went wrong: the paid amount doesn't match the order amount. Please correct this and try again.","යම් දෙයක් වැරදී ඇත: ගෙවූ මුදල ඇණවුම් මුදලට නොගැලපේ. කරුණාකර මෙය නිවැරදි කර නැවත උත්සාහ කරන්න."
"Transaction %1 has been approved. Amount %2. Transaction status is ""%3""","ගනුදෙනු %1 අනුමත කර ඇත. මුදල %2. ගනුදෙනු තත්ත්වය ""%3"""
"Transaction %1 has been voided/declined. Transaction status is ""%2"". Amount %3.","%1 ගනුදෙනුව අවලංගු/ප්‍රතික්ෂේප කර ඇත. ගනුදෙනු තත්ත්වය ""%2"" වේ. මුදල %3."
"Authorize Only","අවසර දීම පමණි"
"Authorize and Capture","අවසර දීම සහ අල්ලා ගැනීම"
"Unable to get transaction details. Try again later.","ගනුදෙනු විස්තර ලබා ගැනීමට නොහැකි විය. පසුව නැවත උත්සාහ කරන්න."
"Electronic payments save the trees.","ඉලෙක්ට්රොනික ගෙවීම් ගස් ඉතිරි කරයි."
"Credit Card Type","ක්රෙඩිට් කාඩ් වර්ගය"
"Please Select","කරුණාකර තෝරන්න"
"Credit Card Number","ණය පත් අංකය"
"Expiration Date","කල්පිරෙන දිනය"
"Card Verification Number","කාඩ් සත්යාපනය අංකය"
"Fraud Detection ","වංචා අනාවරණය "
"FDS Filter Action","FDS පෙරහන් ක්‍රියාව"
"AVS Response","AVS ප්‍රතිචාරය"
"Card Code Response","කාඩ්පත් කේත ප්‍රතිචාරය"
"CAVV Response","CAVV ප්‍රතිචාරය"
"Fraud Filters","වංචා පෙරහන්"
"Place Order","ඇනවුම කරන්න"
"Sorry, but something went wrong. Please contact the seller.","කණගාටුයි, නමුත් යමක් වැරදී ඇත. කරුණාකර විකුණුම්කරු අමතන්න."
"Authorize.net Direct Post","Authorize.net සෘජු තැපැල්"
Enabled,"සබල කර ඇත"
"Payment Action","ගෙවීම් ක්‍රියාව"
Title,ශීර්ෂය
"API Login ID","API පිවිසුම් ID"
"Transaction Key","ගනුදෙනු යතුර"
"Merchant MD5","වෙළෙන්දා MD5"
"New Order Status","නව ඇණවුම් තත්ත්වය"
"Test Mode","පරීක්ෂණ මාදිලිය"
"Gateway URL","ද්වාර URL"
"Transaction Details URL","ගනුදෙනු විස්තර URL"
"Accepted Currency","පිළිගත් මුදල්"
Debug,"දෝෂහරණය කරන්න"
"Email Customer","පාරිභෝගිකයාට විද්‍යුත් තැපැල් කරන්න"
"Merchant's Email","වෙළෙන්දාගේ විද්‍යුත් තැපෑල"
"Credit Card Types","ක්රෙඩිට් කාඩ් වර්ග"
"Credit Card Verification","ක්‍රෙඩිට් කාඩ් සත්‍යාපනය"
"Payment from Applicable Countries","අදාළ රටවලින් ගෙවීම්"
"Payment from Specific Countries","විශේෂිත රටවලින් ගෙවීම්"
"Minimum Order Total","අවම ඇණවුම මුළු"
"Maximum Order Total","උපරිම ඇණවුම මුළු"
"Sort Order","අනුපිළිවෙල අනුපිළිවෙල"
"Cannot place order.","ඇණවුම් කළ නොහැක."
"'Gateway error: ' .","'ගේට්වේ දෝෂය:' ."
"Unable to place order. Please try again later.","ඇණවුම් කිරීමට නොහැකි විය. කරුණාකර පසුව නැවත උත්සාහ කරන්න."
"A server error stopped your order from being placed. Please try to place your order again.","සේවාදායක දෝෂයක් ඔබගේ ඇණවුම තැබීම නතර කළේය. කරුණාකර ඔබගේ ඇණවුම නැවත ලබා දීමට උත්සාහ කරන්න."
"The transaction details are unavailable. Please try again later.","ගනුදෙනු විස්තර නොමැත. කරුණාකර පසුව නැවත උත්සාහ කරන්න."
"Authorize.Net Direct Post (Deprecated)","Authorize.Net Direct Post (අත් හරින ලද)"
"Signature Key","අත්සන යතුර"
"There was an error while trying to process the request.","ඉල්ලීම සැකසීමට උත්සාහ කිරීමේදී දෝෂයක් ඇති විය."
"This transaction cannot be refunded with its current status.","මෙම ගනුදෙනුව එහි වත්මන් තත්ත්වය සමඟ ආපසු ගෙවිය නොහැක."
"The authenticity of the gateway response could not be verified.","ගේට්වේ ප්‍රතිචාරයේ සත්‍යතාව තහවුරු කළ නොහැකි විය."
"Basic Authorize.Net Settings","මූලික Authorize.Net සැකසුම්"
Environment,පරිසරය
"Public Client Key","පොදු සේවාදායක යතුර"
"Merchant MD5 (deprecated)","Merchant MD5 (අත් හරින ලද)"
"Advanced Authorize.Net Settings","උසස් Authorize.Net සැකසුම්"
"Enable Credit Card Verification Field","ක්‍රෙඩිට් කාඩ් සත්‍යාපන ක්ෂේත්‍රය සබල කරන්න"
"Invalid request to gateway.","ද්වාරය සඳහා වලංගු නොවන ඉල්ලීමක්."
"Invalid gateway credentials.","වලංගු නොවන ද්වාර අක්තපත්‍ර."
"Transaction has been declined. Please try again later.","ගනුදෙනුව ප්‍රතික්ෂේප කර ඇත. කරුණාකර පසුව නැවත උත්සාහ කරන්න."
"Invalid Form Key. Please refresh the page.","වලංගු නොවන පෝරම යතුර. කරුණාකර පිටුව නැවුම් කරන්න."
"You entered an invalid Secret Key. Please refresh the page.","ඔබ අවලංගු රහස් යතුරක් ඇතුළත් කර ඇත. කරුණාකර පිටුව නැවුම් කරන්න."
"Invalid security or form key. Please refresh the page.","වලංගු නොවන ආරක්ෂාවක් හෝ පෝරම යතුරක්. කරුණාකර පිටුව නැවුම් කරන්න."
"Cache Storage Management","හැඹිලි ගබඩා කළමනාකරණය"
"Flush Magento Cache","Magento හැඹිලිය ෆ්ලෂ් කරන්න"
"The cache storage may contain additional data. Are you sure that you want to flush it?","හැඹිලි ගබඩාවේ අමතර දත්ත අඩංගු විය හැක. ඔබට එය ෆ්ලෂ් කිරීමට අවශ්‍ය බව ඔබට විශ්වාසද?"
"Flush Cache Storage","ෆ්ලෂ් හැඹිලි ගබඩාව"
Invalidated,අවලංගුයි
Orders,නියෝග
Amounts,ප්රමාණ
Bestsellers,"වැඩියෙන්ම අලෙවි වන ඒවා"
"Most Viewed Products","වැඩිපුරම නැරඹූ නිෂ්පාදන"
"New Customers","නව පාරිභෝගිකයින්"
Customer,පාරිභෝගික
Guest,අමුත්තන්ගේ
Items,අයිතම
Total,සමස්ත
"Lifetime Sales","ජීවිත කාලය විකුණුම්"
"Average Order","සාමාන්ය ඇණවුම"
Average,සාමාන්යය
Views,දසුන්
Revenue,ආදායම
Tax,බද්ද
Shipping,නාවික
"Images (.gif, .jpg, .png)","පින්තූර (.gif, .jpg, .png)"
"Media (.avi, .flv, .swf)","මාධ්‍ය (.avi, .flv, .swf)"
"All Files","සියලුම ගොනු"
"Reset to Default","පෙරනිමියට යළි පිහිටුවන්න"
"All Store Views","සියලුම ගබඩා දර්ශන"
"What is this?","මේ කුමක් ද?"
"Save Account","ගිණුම සුරකින්න"
"My Account","මගේ ගිණුම"
"Account Information","ගිණුම් තොරතුරු"
"User Name","පරිශීලක නාමය"
"First Name","මුල් නම"
"Last Name","අවසන් නම"
Email,"විද්යුත් තැපෑල"
"User Email","පරිශීලක ඊමේල්"
"New Password","නව මුරපදය"
"Password Confirmation","මුරපදය තහවුරු කිරීම"
"Interface Locale","අතුරු මුහුණත පෙදෙසි"
"Current User Identity Verification","වත්මන් පරිශීලක අනන්‍යතා සත්‍යාපනය"
"Your Password","ඔබගේ මුරපදය"
"Save Cache Settings","හැඹිලි සැකසුම් සුරකින්න"
"Catalog Rewrites","නාමාවලිය නැවත ලියන්න"
Refresh,"නැවුම් කරන්න"
"Images Cache","පින්තූර හැඹිලිය"
Clear,පැහැදිලිව
"Search Index","සෙවුම් දර්ශකය"
Rebuild,"නැවත ගොඩනඟන්න"
"Inventory Stock Status","ඉන්වෙන්ටරි කොටස් තත්ත්වය"
"Rebuild Catalog Index","නාමාවලි දර්ශකය නැවත ගොඩනඟන්න"
"Rebuild Flat Catalog Category","පැතලි නාමාවලිය ප්‍රවර්ගය නැවත ගොඩනඟන්න"
"Rebuild Flat Catalog Product","පැතලි නාමාවලිය නිෂ්පාදනය නැවත ගොඩනඟන්න"
"Cache Control","හැඹිලි පාලනය"
"All Cache","සියලුම හැඹිලිය"
"No change","වෙනසක් නැහැ"
Disable,"අක්රිය කරන්න"
Enable,"සබල කරන්න"
"Add Design Change","නිර්මාණ වෙනස එකතු කරන්න"
Delete,මකන්න
Save,සුරකින්න
"Edit Design Change","නිර්මාණ වෙනස් කිරීම සංස්කරණය කරන්න"
"New Store Design Change","නව ගබඩා සැලසුම් වෙනස් කිරීම"
"General Settings","සාමාන්ය සැකසුම්"
"-- Please Select --","-- කරුණාකර තෝරන්න --"
"Custom Design","අභිරුචි නිර්මාණය"
"Date From","දින සිට"
"Date To","දිනය දක්වා"
"Design Change","සැලසුම් වෙනස් කිරීම"
General,ජනරාල්
"Delete %1 '%2'","%1 '%2' මකන්න"
"Delete %1",%1මකන්න
"Block Information","තොරතුරු අවහිර කරන්න"
"Backup Options","උපස්ථ විකල්ප"
"Create DB Backup","DB Backup සාදන්න"
"Delete Store","ගබඩාව මකන්න"
"Delete Web Site","වෙබ් අඩවිය මකන්න"
"Save Web Site","වෙබ් අඩවිය සුරකින්න"
"Save Store","ගබඩාව සුරකින්න"
"Save Store View","ගබඩා දර්ශනය සුරකින්න"
"Delete Store View","ගබඩා දර්ශනය මකන්න"
"Edit Web Site","වෙබ් අඩවිය සංස්කරණය කරන්න"
"New Web Site","නව වෙබ් අඩවිය"
"Edit Store","ගබඩාව සංස්කරණය කරන්න"
"New Store","නව වෙළඳසැල"
"Edit Store View","ගබඩා දර්ශනය සංස්කරණය කරන්න"
"New Store View","නව ගබඩා දසුන"
"Store Information","ගබඩා තොරතුරු"
"Web Site","වෙබ් අඩවිය"
Name,නම
Code,කේතය
"Root Category","මූල කාණ්ඩය"
"Default Store View","පෙරනිමි ගබඩා දසුන"
"Store View Information","ගබඩා බැලීමේ තොරතුරු"
Disabled,ආබාධිතයි
"Web Site Information","වෙබ් අඩවි තොරතුරු"
"Default Store","පෙරනිමි වෙළඳසැල"
"Set as Default","පෙරනිමිය ලෙස සකසන්න"
Stores,ගබඩා
"Create Website","වෙබ් අඩවිය සාදන්න"
"Create Store","ගබඩාව සාදන්න"
"Create Store View","ගබඩා දර්ශනය සාදන්න"
Home,නිවස
"Are you sure you want to do this?","ඔබට මෙය කිරීමට අවශ්‍ය බව විශ්වාසද?"
label,ලේබලය
"Add New Image","නව රූපයක් එක් කරන්න"
"Export block for grid %1 is not defined","ජාල %1 සඳහා අපනයන වාරණ නිර්වචනය කර නොමැත"
"Reset Filter","පෙරහන යළි පිහිටුවන්න"
Search,සොයන්න
Any,කිසියම්
"All Countries","සියලුම රටවල්"
From,සිට
To,වෙත
"Date selector","දින තේරීම"
"[ deleted ]","[මකා දැමූ]"
"Select All","සියල්ල තෝරන්න"
"We couldn't find any records.","අපට කිසිදු වාර්තාවක් සොයාගත නොහැකි විය."
"Add New","අලුතින් එකතු කරන්න"
"Invalid export type supplied for grid export block","ජාල අපනයන වාරණ සඳහා වලංගු නොවන අපනයන වර්ගයක් සපයන ලදී"
Export,අපනයන
"Please correct the column format and try again.","කරුණාකර තීරු ආකෘතිය නිවැරදි කර නැවත උත්සාහ කරන්න."
"An item needs to be selected. Select and try again.","අයිතමයක් තෝරා ගැනීමට අවශ්ය වේ. තෝරා නැවත උත්සාහ කරන්න."
Submit,"ඉදිරිපත් කරන්න"
"Unknown block type","නොදන්නා බ්ලොක් වර්ගය"
"Please correct the tab configuration and try again. Tab Id should be not empty","කරුණාකර ටැබ් වින්‍යාසය නිවැරදි කර නැවත උත්සාහ කරන්න. ටැබ් හැඳුනුම්පත හිස් නොවිය යුතුය"
"Please correct the tab configuration and try again.","කරුණාකර ටැබ් වින්‍යාසය නිවැරදි කර නැවත උත්සාහ කරන්න."
"You have logged out.","ඔබ ලොග් අවුට් වී ඇත."
"These cache type(s) don't exist: %1","මෙම හැඹිලි වර්ග(ය) නොපවතියි: %1"
"The image cache was cleaned.","රූප හැඹිලිය පිරිසිදු කරන ලදී."
"An error occurred while clearing the image cache.","රූප හැඹිලිය හිස් කිරීමේදී දෝෂයක් ඇති විය."
"The JavaScript/CSS cache has been cleaned.","JavaScript/CSS හැඹිලිය පිරිසිදු කර ඇත."
"An error occurred while clearing the JavaScript/CSS cache.","JavaScript/CSS හැඹිලිය හිස් කිරීමේදී දෝෂයක් ඇති විය."
"The static files cache has been cleaned.","ස්ථිතික ගොනු හැඹිලිය පිරිසිදු කර ඇත."
"You flushed the cache storage.","ඔබ හැඹිලි ගබඩාව සෝදා ඇත."
"The Magento cache storage has been flushed.","Magento හැඹිලි ගබඩාව සෝදා ඇත."
"Cache Management","හැඹිලි කළමනාකරණය"
"You can't change status of cache type(s) in production mode","ඔබට නිෂ්පාදන මාදිලියේ හැඹිලි වර්ගය(ය) වල තත්ත්වය වෙනස් කළ නොහැක"
"%1 cache type(s) disabled.","%1 හැඹිලි වර්ගය(ය) අබල කර ඇත."
"An error occurred while disabling cache.","හැඹිලිය අක්‍රිය කිරීමේදී දෝෂයක් ඇති විය."
"%1 cache type(s) enabled.","%1 හැඹිලි වර්ගය(ය) සබල කර ඇත."
"An error occurred while enabling cache.","හැඹිලිය සබල කිරීමේදී දෝෂයක් ඇති විය."
"%1 cache type(s) refreshed.","%1 හැඹිලි වර්ගය(ය) නැවුම් කරන ලදී."
"An error occurred while refreshing cache.","හැඹිලිය නැවුම් කිරීමේදී දෝෂයක් ඇති විය."
Dashboard,"උපකරණ පුවරුව"
"We updated lifetime statistic.","අපි ජීවිත කාලය පිළිබඳ සංඛ්‍යාලේඛන යාවත්කාලීන කළෙමු."
"We can't refresh lifetime statistics.","අපට ජීවිත කාලය පිළිබඳ සංඛ්‍යාලේඛන නැවුම් කළ නොහැක."
"invalid request","වලංගු නොවන ඉල්ලීමක්"
"see error log for details","විස්තර සඳහා දෝෂ ලොගය බලන්න"
"Service unavailable: %1","සේවාව නොමැත: %1"
"Access Denied.","ප්රවේශය ප්රතික්ෂේප විණි."
"You need more permissions to do this.","මෙය කිරීමට ඔබට තවත් අවසර අවශ්‍ය වේ."
"No search modules were registered","සෙවුම් මොඩියුල ලියාපදිංචි කර නොමැත"
"Please make sure that all global admin search modules are installed and activated.","කරුණාකර සියලුම ගෝලීය පරිපාලක සෙවුම් මොඩියුල ස්ථාපනය කර සක්‍රිය කර ඇති බවට වග බලා ගන්න."
"You saved the account.","ඔබ ගිණුම සුරැකුවා."
"An error occurred while saving account.","ගිණුම සුරැකීමේදී දෝෂයක් ඇති විය."
"You deleted the design change.","ඔබ සැලසුම් වෙනස් කිරීම මකා ඇත."
"You can't delete the design change.","ඔබට සැලසුම් වෙනස් කිරීම මකා දැමිය නොහැක."
"Store Design","ගබඩා නිර්මාණය"
"Edit Store Design Change","ගබඩා සැලසුම් වෙනස් කිරීම සංස්කරණය කරන්න"
"You saved the design change.","ඔබ නිර්මාණ වෙනස් කිරීම සුරකින ලදී."
System,පද්ධතිය
"Manage Stores","ගබඩා කළමනාකරණය කරන්න"
"The database was backed up.","දත්ත සමුදාය උපස්ථ කර ඇත."
"We can't create a backup right now. Please try again later.","අපට දැන් උපස්ථයක් සෑදිය නොහැක. කරුණාකර පසුව නැවත උත්සාහ කරන්න."
"Deleting a %1 will not delete the information associated with the %1 (e.g. categories, products, etc.), but the %1 will not be able to be restored. It is suggested that you create a database backup before deleting the %1.","%1 මකා දැමීමෙන් %1 හා සම්බන්ධ තොරතුරු මකා නොදමනු ඇත (උදා: වර්ග, නිෂ්පාදන, ආදිය), නමුත් %1 ප්‍රතිසාධනය කිරීමට නොහැකි වනු ඇත. %1මකා දැමීමට පෙර ඔබ දත්ත සමුදා උපස්ථයක් සෑදීමට යෝජනා කෙරේ."
"Something went wrong. Please try again.","මොකක්හරි වැරැද්දක් වෙලා. කරුණාකර නැවත උත්සාහ කරන්න."
"This store cannot be deleted.","මෙම ගබඩාව මකා දැමිය නොහැක."
"You deleted the store.","ඔබ ගබඩාව මකා ඇත."
"Unable to delete the store. Please try again later.","ගබඩාව මැකීමට නොහැකිය. කරුණාකර පසුව නැවත උත්සාහ කරන්න."
"This store view cannot be deleted.","මෙම ගබඩා දසුන මකා දැමිය නොහැක."
"Store View","ගබඩා දර්ශනය"
"You deleted the store view.","ඔබ ගබඩා දසුන මකා ඇත."
"Unable to delete the store view. Please try again later.","ගබඩා දසුන මැකීමට නොහැකිය. කරුණාකර පසුව නැවත උත්සාහ කරන්න."
"This website cannot be deleted.","මෙම වෙබ් අඩවිය මකා දැමිය නොහැක."
"You deleted the website.","ඔබ වෙබ් අඩවිය මකා දැමුවා."
"Unable to delete the website. Please try again later.","වෙබ් අඩවිය මකා දැමිය නොහැක. කරුණාකර පසුව නැවත උත්සාහ කරන්න."
"The website does not exist.","වෙබ් අඩවිය නොපවතී."
"Before modifying the website code please make sure it is not used in index.php.","වෙබ් අඩවි කේතය වෙනස් කිරීමට පෙර කරුණාකර එය index.php හි භාවිතා නොකරන බවට වග බලා ගන්න."
"The store does not exist","ගබඩාව නොපවතී"
"Store view doesn't exist","ගබඩා දසුන නොපවතී"
"Before modifying the store view code please make sure it is not used in index.php.","ගබඩා දර්ශන කේතය වෙනස් කිරීමට පෙර කරුණාකර එය index.php හි භාවිතා නොකරන බවට වග බලා ගන්න."
"New ","අලුත් "
"All Stores","සියලුම වෙළඳසැල්"
"Please enable your Store View before using this Web Site as Default","මෙම වෙබ් අඩවිය පෙරනිමිය ලෙස භාවිතා කිරීමට පෙර කරුණාකර ඔබගේ ගබඩා දර්ශනය සක්‍රීය කරන්න"
"You saved the website.","ඔබ වෙබ් අඩවිය සුරකින ලදී."
"The default store cannot be disabled","පෙරනිමි ගබඩාව අක්‍රිය කළ නොහැක"
"You saved the store view.","ඔබ ගබඩා දසුන සුරකින ලදී."
"An inactive store view cannot be saved as default store view","අක්‍රිය ගබඩා දසුනක් පෙරනිමි ගබඩා දසුන ලෙස සුරැකිය නොහැක"
"You saved the store.","ඔබ ගබඩාව සුරැකුවා."
"Something went wrong while saving. Please review the error log.","සුරැකීමේදී යමක් වැරදී ඇත. කරුණාකර දෝෂ ලොගය සමාලෝචනය කරන්න."
"Authentication storage is incorrect.","සත්‍යාපන ගබඩාව වැරදියි."
"The account sign-in was incorrect or your account is disabled temporarily. Please wait and try again later.","ගිණුමට පුරනය වීම වැරදි හෝ ඔබගේ ගිණුම තාවකාලිකව අබල කර ඇත. කරුණාකර රැඳී සිට පසුව නැවත උත්සාහ කරන්න."
"An authentication error occurred. Verify and try again.","සත්‍යාපන දෝෂයක් සිදු විය. තහවුරු කර නැවත උත්සාහ කරන්න."
"The Admin session lifetime is invalid. Set the lifetime to 31536000 seconds (one year) or shorter and try again.","පරිපාලක සැසි ආයු කාලය වලංගු නොවේ. ආයු කාලය තත්පර 31536000 (වසරක්) හෝ ඊට අඩු ලෙස සකසා නැවත උත්සාහ කරන්න."
"The Admin session lifetime is invalid. Set the lifetime to 60 seconds or longer and try again.","පරිපාලක සැසි ආයු කාලය වලංගු නොවේ. ආයු කාලය තත්පර 60ක් හෝ ඊට වැඩි කාලයක් ලෙස සකසා නැවත උත්සාහ කරන්න."
Today,අද
"Last 24 Hours","පසුගිය පැය 24"
"Last 7 Days","පසුගිය දින 7"
"Current Month","මේ මාසය"
Order,නියෝග
"Order #%1","ඇණවුම #%1"
"URL key ""%1"" matches a reserved endpoint name (%2). Use another URL key.","URL යතුර ""%1"" වෙන්කර ඇති අන්ත ලක්ෂ්‍ය නමකට ගැලපේ (%2). වෙනත් URL යතුරක් භාවිතා කරන්න."
"Save &amp; Continue","&amp; ඉතිරි කර ඉදිරියට යන්න"
"Save &amp; Close","&amp; වසන්න සුරකින්න"
"Save &amp; New","නව &amp; ක් සුරකින්න"
"Sorry, you need permissions to view this content.","සමාවන්න, ඔබට මෙම අන්තර්ගතය බැලීමට අවසර අවශ්‍යයි."
"Next steps","ඊළඟ පියවර"
"If you think this is an error, try signing out and signing in again.","මෙය දෝෂයක් යැයි ඔබ සිතන්නේ නම්, වරනය වී නැවත පුරනය වීමට උත්සාහ කරන්න."
"Contact a system administrator or store owner to gain permissions.","අවසර ලබා ගැනීමට පද්ධති පරිපාලකයෙකු හෝ ගබඩා හිමිකරුවෙකු අමතන්න."
"Return to ","වෙත ආපසු යන්න "
"previous page","පෙර පිටුව"
"Welcome, please sign in","සාදරයෙන් පිළිගනිමු, කරුණාකර පුරනය වන්න"
Username,"පරිශීලක නාමය"
"user name","පරිශීලක නාමය"
Password,මුරපදය
password,මුරපදය
"Sign in",පුරන්න
"No Data Found","දත්ත නොමැත"
"Chart is disabled. To enable the chart, click <a href=""%1"">here</a>.","ප්‍රස්ථාරය අබල කර ඇත. ප්‍රස්ථාරය සක්‍රීය කිරීමට, මෙහි <a href=""%1"">ක්ලික් කරන්න</a>."
"Select Range:","පරාසය තෝරන්න:"
"Last Orders","අවසාන ඇණවුම්"
"Last Search Terms","අවසාන සෙවුම් නියමයන්"
"Top Search Terms","ඉහළම සෙවුම් නියමයන්"
"There are no search keywords.","සෙවුම් මූල පද නොමැත."
"View Statistics For:","සඳහා සංඛ්‍යාලේඛන බලන්න:"
"All Websites","සියලුම වෙබ් අඩවි"
"Reload Data","දත්ත නැවත පූරණය කරන්න"
"Browse Files...","ගොනු බ්‍රවුස් කරන්න..."
"Copyright &copy; %1 Magento Commerce Inc. All rights reserved.","ප්‍රකාශන හිමිකම &copy; %1 Magento Commerce Inc. සියලුම හිමිකම් ඇවිරිණි."
"Magento Admin Panel","Magento පරිපාලක පැනලය"
"Account Setting","ගිණුම් සැකසුම"
"Customer View","පාරිභෝගික දැක්ම"
"Sign Out",වරන්න
"About the calendar","කැලැන්ඩරය ගැන"
"Go Today","අදම යන්න"
Previous,කලින්
Next,ඊළඟ
WK,ඩබ්ලිව්.කේ
Time,කාලය
Hour,පැය
Minute,මිනිත්තුව
"JavaScript may be disabled in your browser.","ඔබගේ බ්‍රවුසරයේ JavaScript අක්‍රිය විය හැක."
"To use this website you must first enable JavaScript in your browser.","මෙම වෙබ් අඩවිය භාවිතා කිරීමට ඔබ මුලින්ම ඔබගේ බ්‍රවුසරයේ JavaScript සක්‍රීය කළ යුතුය."
"This is only a demo store. You can browse and place orders, but nothing will be processed.","මේක demo store එකක් විතරයි. ඔබට බ්‍රවුස් කිරීමට සහ ඇණවුම් කිරීමට හැකිය, නමුත් කිසිවක් සැකසෙන්නේ නැත."
"Privacy Policy","රහස්යතා ප්රතිපත්තිය"
"Report an Issue","ගැටලුවක් වාර්තා කරන්න"
Scope:,"විෂය පථය:"
"Stores Configuration","ගබඩා වින්‍යාසය"
"Additional Cache Management","අතිරේක හැඹිලි කළමනාකරණය"
"Flush Catalog Images Cache","ෆ්ලෂ් නාමාවලි රූප හැඹිලිය"
"Pregenerated product images files","පෙර ජනනය කරන ලද නිෂ්පාදන රූප ගොනු"
"Flush JavaScript/CSS Cache","ජාවාස්ක්‍රිප්ට්/සීඑස්එස් හැඹිලිය ෆ්ලෂ් කරන්න"
"Themes JavaScript and CSS files combined to one file","තේමා JavaScript සහ CSS ගොනු එක් ගොනුවකට ඒකාබද්ධ වේ"
"Flush Static Files Cache","ස්ථිතික ගොනු හැඹිලිය ෆ්ලෂ් කරන්න"
"Preprocessed view files and static files","පෙර සැකසූ දර්ශන ගොනු සහ ස්ථිතික ගොනු"
Catalog,නාමාවලිය
"JavaScript/CSS Cache","JavaScript/CSS හැඹිලිය"
"No records found.","වාර්තා හමුවී නැත."
Images,රූප
"Big Image","විශාල රූපය"
Thumbnail,"සිඟිති රුව"
"Additional Settings","අතිරේක සැකසුම්"
"records found","වාර්තා හමු විය"
selected,තෝරාගත්
"per page",පිටුවකට
"Previous page","පෙර පිටුව"
"of %1",%1
"Next page","ඊළඟ පිටුව"
"Export to:","අපනයනය කරන්න:"
"Mass Actions","මහා ක්‍රියා"
"Unselect All","සියල්ල තෝරා නොගන්න"
"Select Visible","දෘශ්‍ය තෝරන්න"
"Unselect Visible","දෘශ්‍ය තේරීම ඉවත් කරන්න"
"Changes have been made to this section that have not been saved.","සුරැකී නොමැති මෙම කොටසෙහි වෙනස්කම් සිදු කර ඇත."
"This tab contains invalid data. Please resolve this before saving.","මෙම පටිත්තෙහි වලංගු නොවන දත්ත අඩංගු වේ. කරුණාකර සුරැකීමට පෙර මෙය විසඳන්න."
"The information in this tab has been changed.","මෙම පටිත්තෙහි තොරතුරු වෙනස් කර ඇත."
Loading...,"පූරණය වෙමින්..."
"User Agent Rules","පරිශීලක නියෝජිත නීති"
"User agent exceptions override product and CMS pages rules.","පරිශීලක නියෝජිත ව්‍යතිරේක නිෂ්පාදන සහ CMS පිටු නීති අභිබවා යයි."
"Search strings are either normal strings or regular expressions (PCRE). They are matched in the same order as entered.","සෙවුම් නූල් සාමාන්‍ය තන්තු හෝ සාමාන්‍ය ප්‍රකාශන (PCRE) වේ. ඇතුළත් කර ඇති අනුපිළිවෙලට ඒවා ගැලපේ."
Examples,උදාහරණ
"Previous Page","පෙර පිටුව"
"Next Page","ඊළඟ පිටුව"
"Use Default Value","පෙරනිමි අගය භාවිතා කරන්න"
"We could not detect a size.","අපට ප්‍රමාණය හඳුනාගත නොහැකි විය."
"Please confirm scope switching. All data that hasn't been saved will be lost.","කරුණාකර විෂය පථය මාරු කිරීම තහවුරු කරන්න. සුරැකී නැති සියලුම දත්ත නැති වී යයි."
"Warning message","අනතුරු ඇඟවීමේ පණිවිඩය"
"This operation can take a long time","මෙම මෙහෙයුම දිගු කාලයක් ගත විය හැකිය"
"Allow everything","සියල්ලට ඉඩ දෙන්න"
"Magento Admin","Magento පරිපාලක"
"Global Search","ගෝලීය සෙවීම"
Marketing,අලෙවි
"SEO & Search","SEO සහ සෙවීම"
"User Content","පරිශීලක අන්තර්ගතය"
Content,අන්තර්ගතය
Elements,මූලද්රව්ය
Design,නිර්මාණ
Schedule,කාලසටහන
"Content translation","අන්තර්ගත පරිවර්තනය"
Settings,සැකසුම්
Attributes,ගුණාංග
"Other Settings","වෙනත් සැකසුම්"
"Data Transfer","දත්ත හුවමාරු"
"Connect Manager","සම්බන්ධක කළමනාකරු"
"Package Extensions","පැකේජ දිගු"
Tools,මෙවලම්
"Clean Cache Actions","පිරිසිදු හැඹිලි ක්‍රියා"
"Cache Types Management","හැඹිලි වර්ග කළමනාකරණය"
"Toggle Cache Type","හැඹිලි වර්ගය ටොගල් කරන්න"
"Refresh Cache Type","හැඹිලි වර්ගය නැවුම් කරන්න"
"Catalog Images Cache","නාමාවලි රූප හැඹිලිය"
"Flush Js/Css","ෆ්ලෂ් Js/Css"
"Flush Static Files","ස්ථිතික ගොනු ෆ්ලෂ් කරන්න"
Currency,මුදල්
Communications,සන්නිවේදන
Services,සේවාවන්
Advanced,උසස්
"Disable Modules Output","මොඩියුල ප්‍රතිදානය අක්‍රීය කරන්න"
"Store Email Addresses","ඊමේල් ලිපින ගබඩා කරන්න"
"Custom Email 1","අභිරුචි විද්‍යුත් තැපෑල 1"
"Sender Email","යවන්නාගේ ඊමේල්"
"Sender Name","යවන්නාගේ නම"
"Custom Email 2","අභිරුචි විද්‍යුත් තැපෑල 2"
"General Contact","සාමාන්ය සම්බන්ධතා"
"Sales Representative","අලෙවි නියෝජිත"
"Customer Support","පාරිභෝගික සහාය"
Developer,සංවර්ධකයා
"Enable Template Path Hints for Storefront","වෙළඳසැල් ඉදිරිපස සඳහා සැකිලි මාර්ග ඉඟි සබල කරන්න"
"Enable Hints for Storefront with URL Parameter","URL පරාමිතිය සමඟ වෙළඳසැල් ඉදිරිපස සඳහා ඉඟි සබල කරන්න"
"Use URL parameter to enable template path hints for Storefront","වෙළඳසැල් ඉදිරිපස සඳහා අච්චු මාර්ග ඉඟි සබල කිරීමට URL පරාමිතිය භාවිතා කරන්න"
"Parameter Value","පරාමිති අගය"
"Add the following parameter to the URL to show template hints ?templatehints=[parameter_value]","අච්චු ඉඟි පෙන්වීමට URL වෙත පහත පරාමිතිය එක් කරන්න ?templatehints=[parameter_value]"
"Enable Template Path Hints for Admin","පරිපාලක සඳහා සැකිලි මාර්ග ඉඟි සබල කරන්න"
"Add Block Class Type to Hints","ඉඟි වලට බ්ලොක් පන්ති වර්ගය එක් කරන්න"
"Template Settings","සැකිලි සැකසුම්"
"Allow Symlinks","Symlinks වලට ඉඩ දෙන්න"
"<strong class=""colorRed"">Warning!</strong> Enabling this feature is not recommended on production environments because it represents a potential security risk.","<strong class=""colorRed"">අවවාදයයි!</strong> මෙම විශේෂාංගය සක්‍රීය කිරීම නිෂ්පාදන පරිසරයන්හි නිර්දේශ නොකරයි, මන්ද එය විය හැකි ආරක්ෂක අවදානමක් නියෝජනය කරයි."
"Minify Html","Html කුඩා කරන්න"
"Minification is not applied in developer mode.","සංවර්ධක ප්‍රකාරයේදී කුඩා කිරීම යොදනු නොලැබේ."
"Translate Inline","Inline පරිවර්තනය කරන්න"
"Enabled for Storefront","වෙළඳසැල් ඉදිරිපස සඳහා සබල කර ඇත"
"Enabled for Admin","පරිපාලක සඳහා සබල කර ඇත"
"Translate, blocks and other output caches should be disabled for both Storefront and Admin inline translations.","පරිවර්තන, අවහිර කිරීම් සහ අනෙකුත් ප්‍රතිදාන හැඹිලි ගබඩා ඉදිරිපස සහ පරිපාලක පේළිගත පරිවර්තන යන දෙකටම අක්‍රිය කළ යුතුය."
"JavaScript Settings","JavaScript සැකසුම්"
"Merge JavaScript Files","JavaScript ගොනු ඒකාබද්ධ කරන්න"
"Enable JavaScript Bundling","JavaScript Bundling සබල කරන්න"
"Minify JavaScript Files","JavaScript ගොනු කුඩා කරන්න"
"CSS Settings","CSS සැකසුම්"
"Merge CSS Files","CSS ගොනු ඒකාබද්ධ කරන්න"
"Minify CSS Files","CSS ගොනු කුඩා කරන්න"
"Image Processing Settings","රූප සැකසුම් සැකසුම්"
"Image Adapter","රූප ඇඩැප්ටරය"
"When the adapter was changed, please flush Catalog Images Cache.","ඇඩැප්ටරය වෙනස් කළ විට, කරුණාකර නාමාවලි රූප හැඹිලිය ෆ්ලෂ් කරන්න."
"Static Files Settings","ස්ථිතික ගොනු සැකසුම්"
"Sign Static Files","ස්ථිතික ගොනු අත්සන් කරන්න"
"Country Options","රට විකල්ප"
"Allow Countries","රටවල් වලට ඉඩ දෙන්න"
"Default Country","පෙරනිමි රට"
"European Union Countries","යුරෝපීය සංගමයේ රටවල්"
"Top destinations","ඉහළම ගමනාන්ත"
"Locale Options","දේශීය විකල්ප"
Timezone,"වේලා කලාපය"
Locale,දේශීය
"First Day of Week","සතියේ පළමු දිනය"
"Weekend Days","සති අන්ත දින"
"Store Name","ගබඩාවේ නම"
"Store Phone Number","ගබඩා දුරකථන අංකය"
"Store Hours of Operation","ගබඩාවේ ක්‍රියාකාරී වේලාවන්"
Country,රට
Region/State,කලාපය/ප්රාන්තය
"ZIP/Postal Code","සිප් / තැපැල් කේතය"
City,නගරය
"Street Address","වීථි ලිපිනය"
"Street Address Line 2","වීදි ලිපින පේළිය 2"
"VAT Number","වැට් අංකය"
"Single-Store Mode","තනි-වෙළඳසැල් මාදිලිය"
"Enable Single-Store Mode","තනි-වෙළඳසැල් මාදිලිය සබල කරන්න"
"This setting will not be taken into account if system has more than one store view.","පද්ධතියට ගබඩා දර්ශන එකකට වඩා තිබේ නම් මෙම සැකසුම සැලකිල්ලට නොගනී."
"Mail Sending Settings","තැපැල් යැවීමේ සැකසුම්"
"Disable Email Communications","විද්‍යුත් තැපැල් සන්නිවේදනය අක්‍රිය කරන්න"
Host,සත්කාරක
"For Windows server only.","වින්ඩෝස් සේවාදායකය සඳහා පමණි."
"Port (25)","වරාය (25)"
"Please enter at least 0 and at most 65535 (For Windows server only).","කරුණාකර අවම වශයෙන් 0 සහ උපරිම 65535 (Windows සේවාදායකය සඳහා පමණක්) ඇතුළත් කරන්න."
"Set Return-Path","ආපසු පැමිණීමේ මාර්ගය සකසන්න"
"Return-Path Email","Return-Path විද්‍යුත් තැපෑල"
"Images Upload Configuration","පින්තූර උඩුගත කිරීමේ වින්‍යාසය"
"Enable Frontend Resize","Frontend Resize සබල කරන්න"
"Resize performed via javascript before file upload.","ගොනු උඩුගත කිරීමට පෙර javascript හරහා සිදු කරන ලද ප්‍රමාණය වෙනස් කරන්න."
"Maximum Width","උපරිම පළල"
"Maximum allowed width for uploaded image.","උඩුගත කළ රූපය සඳහා උපරිම ඉඩ පළල."
"Maximum Height","උපරිම උස"
"Maximum allowed height for uploaded image.","උඩුගත කළ රූපය සඳහා උපරිම ඉඩ උස."
Admin,පරිපාලක
"Admin User Emails","පරිපාලක පරිශීලක ඊමේල්"
"Forgot Password Email Template","මුරපද ඊමේල් අච්චුව අමතක විය"
"Email template chosen based on theme fallback when ""Default"" option is selected.","""පෙරනිමි"" විකල්පය තෝරාගත් විට තේමා පසුබැසීම මත පදනම්ව ඊමේල් අච්චුව තෝරා ඇත."
"Forgot and Reset Email Sender","ඊමේල් යවන්නා අමතක කර නැවත සකසන්න"
"Startup Page","ආරම්භක පිටුව"
"Admin Base URL","පරිපාලක මූලික URL"
"Use Custom Admin URL","අභිරුචි පරිපාලක URL භාවිතා කරන්න"
"Custom Admin URL","අභිරුචි පරිපාලක URL"
"Make sure that base URL ends with '/' (slash), e.g. http://yourdomain/magento/","මූලික URL එක '/' (slash) වලින් අවසන් වන බවට වග බලා ගන්න, උදා http://yourdomain/magento/"
"Use Custom Admin Path","අභිරුචි පරිපාලක මාර්ගය භාවිතා කරන්න"
"Custom Admin Path","අභිරුචි පරිපාලක මාර්ගය"
"You will have to sign in after you save your custom admin path.","ඔබ ඔබේ අභිරුචි පරිපාලක මාර්ගය සුරැකීමෙන් පසුව ඔබට පුරනය වීමට සිදු වනු ඇත."
Security,ආරක්ෂක
"Recovery Link Expiration Period (hours)","ප්‍රතිසාධන සබැඳිය කල් ඉකුත් වීමේ කාලය (පැය)"
"Please enter a number 1 or greater in this field.","කරුණාකර මෙම ක්ෂේත්‍රයේ අංක 1 හෝ ඊට වැඩි ගණනක් ඇතුළත් කරන්න."
"Add Secret Key to URLs","URL වලට රහස් යතුර එක් කරන්න"
"Login is Case Sensitive","පුරනය වීම සිද්ධි සංවේදී වේ"
"Admin Session Lifetime (seconds)","පරිපාලක සැසියේ ජීවිත කාලය (තත්පර)"
"Please enter at least 60 and at most 31536000 (one year).","කරුණාකර අවම වශයෙන් 60 ක් සහ උපරිම වශයෙන් 31536000 (වසරක්) ඇතුළු කරන්න."
"Enable Charts","ප්‍රස්ථාර සක්‍රීය කරන්න"
Web,වෙබ්
"Url Options","Url විකල්ප"
"Add Store Code to Urls","Url වෙත ගබඩා කේතය එක් කරන්න"
"<strong class=""colorRed"">Warning!</strong> When using Store Code in URLs, in some cases system may not work properly if URLs without Store Codes are specified in the third-party services (e.g. PayPal etc.).","<strong class=""colorRed"">අවවාදයයි!</strong> URL වල ගබඩා කේතය භාවිතා කරන විට, සමහර අවස්ථාවල දී ගබඩා කේත නොමැති URL තෙවන පාර්ශවීය සේවාවන්හි (උදා. PayPal ආදිය) සඳහන් කර ඇත්නම් පද්ධතිය නිසි ලෙස ක්‍රියා නොකරනු ඇත."
"Auto-redirect to Base URL","මූලික URL වෙත ස්වයංක්‍රීය යළි-යොමුවීම්"
"I.e. redirect from http://example.com/store/ to http://www.example.com/store/","එනම් http://example.com/store/ සිට http://www.example.com/store/ වෙත හරවා යවන්න"
"Search Engine Optimization","සෙවුම් යන්ත්‍ර ප්‍රශස්තකරණය"
"Use Web Server Rewrites","Web Server Rewrites භාවිතා කරන්න"
"Base URLs","මූලික URL"
"Any of the fields allow fully qualified URLs that end with '/' (slash) e.g. http://example.com/magento/","ඕනෑම ක්ෂේත්‍රයක් '/' (slash) වලින් අවසන් වන සම්පුර්ණ සුදුසුකම් ලත් URL වලට ඉඩ දෙයි උදා http://example.com/magento/"
"Base URL","මූලික URL"
"Specify URL or {{base_url}} placeholder.","URL හෝ {{base_url}} ස්ථාන දරන්නෙකු සඳහන් කරන්න."
"Base Link URL","මූලික සබැඳි URL"
"May start with {{unsecure_base_url}} placeholder.","{{unsecure_base_url}} තැන් දරණින් ආරම්භ විය හැක."
"Base URL for Static View Files","ස්ථිතික දසුන් ගොනු සඳහා මූලික URL"
"May be empty or start with {{unsecure_base_url}} placeholder.","හිස් හෝ තැන් දරණ {{unsecure_base_url}} කින් ආරම්භ විය හැක."
"Base URL for User Media Files","පරිශීලක මාධ්‍ය ගොනු සඳහා මූලික URL"
"Base URLs (Secure)","මූලික URL (ආරක්ෂිත)"
"Any of the fields allow fully qualified URLs that end with '/' (slash) e.g. https://example.com/magento/","ඕනෑම ක්ෂේත්‍රයක් '/' (slash) වලින් අවසන් වන සම්පුර්ණ සුදුසුකම් ලත් URL වලට ඉඩ දෙයි උදා: https://example.com/magento/"
"Secure Base URL","ආරක්ෂිත මූලික URL"
"Specify URL or {{base_url}}, or {{unsecure_base_url}} placeholder.","URL හෝ {{base_url}}, හෝ {{unsecure_base_url}} තැන් දරන්නා සඳහන් කරන්න."
"Secure Base Link URL","ආරක්ෂිත මූලික සබැඳි URL"
"May start with {{secure_base_url}} or {{unsecure_base_url}} placeholder.","{{secure_base_url}} හෝ {{unsecure_base_url}} තැන් දරණින් ආරම්භ විය හැක."
"Secure Base URL for Static View Files","ස්ථිතික දසුන් ගොනු සඳහා ආරක්ෂිත මූලික URL"
"May be empty or start with {{secure_base_url}}, or {{unsecure_base_url}} placeholder.","හිස් විය හැක හෝ {{secure_base_url}}, හෝ {{unsecure_base_url}} තැන් දරණින් ආරම්භ කරන්න."
"Secure Base URL for User Media Files","පරිශීලක මාධ්‍ය ගොනු සඳහා ආරක්ෂිත මූලික URL"
"Use Secure URLs on Storefront","ගබඩාව ඉදිරිපිට ආරක්ෂිත URL භාවිතා කරන්න"
"Enter https protocol to use Secure URLs on Storefront.","වෙළඳසැල් ඉදිරිපිට ආරක්ෂිත URL භාවිතා කිරීමට https ප්‍රොටෝකෝලය ඇතුළු කරන්න."
"Use Secure URLs in Admin","පරිපාලක තුළ ආරක්ෂිත URL භාවිතා කරන්න"
"Enter https protocol to use Secure URLs in Admin.","පරිපාලක තුළ ආරක්ෂිත URL භාවිතා කිරීමට https ප්‍රොටෝකෝලය ඇතුළු කරන්න."
"Enable HTTP Strict Transport Security (HSTS)","HTTP දැඩි ප්‍රවාහන ආරක්ෂාව (HSTS) සබල කරන්න"
"See <a href=""https://cheatsheetseries.owasp.org/cheatsheets/HTTP_Strict_Transport_Security_Cheat_Sheet.html"" target=""_blank"">HTTP Strict Transport Security</a> page for details.","විස්තර සඳහා <a href=""https://cheatsheetseries.owasp.org/cheatsheets/HTTP_Strict_Transport_Security_Cheat_Sheet.html"" target=""_blank"">HTTP දැඩි ප්‍රවාහන ආරක්ෂාව</a> පිටුව බලන්න."
"Upgrade Insecure Requests","අනාරක්ෂිත ඉල්ලීම් උත්ශ්‍රේණි කරන්න"
"See <a href=""http://www.w3.org/TR/upgrade-insecure-requests/"" target=""_blank"">Upgrade Insecure Requests</a> page for details.","විස්තර සඳහා <a href=""http://www.w3.org/TR/upgrade-insecure-requests/"" target=""_blank"">උත්ශ්‍රේණිගත අනාරක්ෂිත ඉල්ලීම්</a> පිටුව බලන්න."
"Offloader header","ඕෆ්ලෝඩර් ශීර්ෂකය"
"Default Pages","පෙරනිමි පිටු"
"Default Web URL","පෙරනිමි වෙබ් URL"
"Default No-route URL","පෙරනිමි මාර්ග රහිත URL"
"Session Validation Settings","සැසි වලංගුකරණ සැකසුම්"
"Validate REMOTE_ADDR","REMOTE_ADDR වලංගු කරන්න"
"Validate HTTP_VIA","HTTP_VIA වලංගු කරන්න"
"Validate HTTP_X_FORWARDED_FOR","HTTP_X_FORWARDED_FOR වලංගු කරන්න"
"Validate HTTP_USER_AGENT","HTTP_USER_AGENT වලංගු කරන්න"
"Cache Type","හැඹිලි වර්ගය"
Description,විස්තර
Tags,ටැග්
"<h1 class=""page-heading"">404 Error</h1><p>Page not found.</p>","<h1 class=""page-heading"">404 දෝෂය</h1><p>පිටුව හමු නොවීය.</p>"
"Community Edition","ප්‍රජා සංස්කරණය"
"Default Theme","පෙරනිමි තේමාව"
"If no value is specified, the system default is used. The system default may be modified by third-party extensions.","අගයක් නියම කර නොමැති නම්, පද්ධතියේ පෙරනිමිය භාවිතා වේ. තුන්වන පාර්ශ්ව දිගු මගින් පද්ධතියේ පෙරනිමිය වෙනස් කළ හැක."
"Applied Theme","යෙදූ තේමාව"
"Design Rule","සැලසුම් රීතිය"
Pagination,පේජිනේෂන්
"How many links to display at once.","එකවර පෙන්විය යුතු සබැඳි කීයක්."
"Pagination Frame","පේජිනේෂන් රාමුව"
"If current frame position does not cover utmost pages, it renders the link to current position plus/minus this value.","වත්මන් රාමු පිහිටීම උපරිම පිටු ආවරණය නොකරන්නේ නම්, එය වත්මන් ස්ථානයට සබැඳිය මෙම අගය එකතු/අඩු කරයි."
"Alternative text for the previous pages link in the pagination menu. If empty, the default arrow image is used.","පේජිනේෂන් මෙනුවෙහි පෙර පිටු සබැඳිය සඳහා විකල්ප පෙළ. හිස් නම්, පෙරනිමි ඊතල රූපය භාවිතා වේ."
"Anchor Text for Previous","පෙර සඳහා ඇන්කර් පෙළ"
"Alternative text for the next pages link in the pagination menu. If empty, default arrow image is used.","පේජිනේෂන් මෙනුවේ ඊළඟ පිටු සබැඳිය සඳහා විකල්ප පෙළ. හිස් නම්, පෙරනිමි ඊතල රූපය භාවිතා වේ."
"Anchor Text for Next","Next සඳහා ඇන්කර් පෙළ"
"Theme Name","තේමා නාමය"
"My Account","මාගේ ගිණුම"
"Now Shopping by","දැන් Shopping by"
"Remove This Item","මෙම අයිතමය ඉවත් කරන්න"
"Shop By","සාප්පු සවාරි යන්න"
"Clear All","සියල්ල හිස් කරන්න"
"Shopping Options","සාප්පු සවාරි විකල්ප"
"Welcome to %store_name","%store_name වෙත සාදරයෙන් පිළිගනිමු"
"%name,","%nam,"
"Welcome to %store_name.","%store_name වෙත සාදරයෙන් පිළිගනිමු."
"To sign in to our site, use these credentials during checkout or on the <a href=""%customer_url"">My Account</a> page:","අපගේ වෙබ් අඩවියට පුරනය වීමට, පිටවීමේදී හෝ <a href=""%customer_url"">My Account</a> පිටුවේ මෙම අක්තපත්‍ර භාවිතා කරන්න:"
Email:,"විද්යුත් තැපෑල:"
Password:,මුරපදය:
"Password you set when creating account","ගිණුමක් සෑදීමේදී ඔබ සැකසූ මුරපදය"
"Forgot your account password? Click <a href=""%reset_url"">here</a> to reset it.","ඔබගේ ගිණුමේ මුරපදය අමතකද? එය නැවත සැකසීමට මෙහි <a href=""%reset_url""></a> ක්ලික් කරන්න."
"When you sign in to your account, you will be able to:","ඔබ ඔබගේ ගිණුමට පුරනය වූ විට, ඔබට හැකි වනු ඇත:"
"Quick Checkout","ඉක්මන් පිටවීම"
"Proceed through checkout faster","ඉක්මනින් පිටවීම හරහා ඉදිරියට යන්න"
"Order Status","ඇණවුම් තත්ත්වය"
"Check the status of orders","ඇණවුම්වල තත්ත්වය පරීක්ෂා කරන්න"
"Manage Addresses","ලිපින කළමනාකරණය කරන්න"
"Store alternative addresses","විකල්ප ලිපින ගබඩා කරන්න"
"For shipping to multiple family members and friends","පවුලේ සාමාජිකයන් සහ මිතුරන් කිහිප දෙනෙකු වෙත නැව්ගත කිරීම සඳහා"
"Order History","ඇණවුම් ඉතිහාසය"
"View past orders","පසුගිය ඇණවුම් බලන්න"
Footer,පාදකය
"Credit memo for your %store_name order","ඔබගේ %store_name ඇණවුම සඳහා ණය සටහන"
"Thank you for your order from %store_name.","%store_name වෙතින් ඔබගේ ඇණවුමට ස්තූතියි."
"You can check the status of your order by <a href=""%account_url"">logging into your account</a>.","<a href=""%account_url"">ඔබගේ ගිණුමට ලොග් වීම</a>මගින් ඔබට ඔබගේ ඇණවුමේ තත්ත්වය පරීක්ෂා කළ හැක."
"If you have questions about your order, you can email us at <a href=""mailto:%store_email"">%store_email</a>.","ඔබට ඔබේ ඇණවුම ගැන ප්‍රශ්න ඇත්නම්, ඔබට <a href=""mailto:%store_email"">%store_email</a>ට අපට විද්‍යුත් තැපැල් කළ හැක."
"Your Credit Memo #%creditmemo_id for Order #%order_id","ඇණවුම #%order_id සඳහා ඔබේ ණය සටහන #%creditmemo_id"
"Billing Info","බිල්පත් තොරතුරු"
"Payment Method","ගෙවීම් ක්රමය"
"Update to your %store_name credit memo","ඔබගේ %store_name ණය සටහනට යාවත්කාලීන කරන්න"
"Your order #%increment_id has been updated with a status of <strong>%order_status</strong>.","ඔබගේ ඇණවුම #%increment_id <strong>%order_තත්ත්වය</strong>තත්ත්වයකින් යාවත්කාලීන කර ඇත."
"Invoice for your %store_name order","ඔබගේ %store_name ඇණවුම සඳහා ඉන්වොයිසිය"
"Your Invoice #%invoice_id for Order #%order_id","ඇණවුම #%order_id සඳහා ඔබේ ඉන්වොයිසිය #%invoice_id"
"Update to your %store_name invoice","ඔබගේ %store_name ඉන්වොයිසියට යාවත්කාලීන කරන්න"
"Your %store_name order confirmation","ඔබගේ %store_name ඇණවුම තහවුරු කිරීම"
"Once your package ships we will send you a tracking number.","ඔබේ පැකේජය නැව්ගත කළ පසු අපි ඔබට ලුහුබැඳීමේ අංකයක් එවන්නෙමු."
"Your Order <span class=""no-link"">#%increment_id</span>","ඔබේ ඇණවුම <span class=""no-link"">#%increment_id</span>"
"Placed on <span class=""no-link"">%created_at</span>","<span class=""no-link"">%created_at</span>මත තබා ඇත"
"Update to your %store_name order","ඔබගේ %store_name අනුපිළිවෙලට යාවත්කාලීන කරන්න"
"Your %store_name order has shipped","ඔබගේ %store_name ඇණවුම නැව්ගත කර ඇත"
"Your shipping confirmation is below. Thank you again for your business.","ඔබගේ නැව්ගත කිරීමේ තහවුරු කිරීම පහත දැක්වේ. ඔබේ ව්‍යාපාරයට නැවතත් ස්තූතියි."
"Your Shipment #%shipment_id for Order #%order_id","ඇණවුම #%order_id සඳහා ඔබේ නැව්ගත කිරීම #%shipment_id"
"Update to your %store_name shipment","ඔබගේ %store_name නැව්ගත කිරීම වෙත යාවත්කාලීන කරන්න"
"Backup options","උපස්ථ විකල්ප"
Warning,අවවාදයයි
Ok,හරි
"Insert Variable","විචල්‍යය ඇතුළු කරන්න"
"Insert Widget","Widget ඇතුළු කරන්න"
"The widget %1 is no longer available. Select a different widget.","විජට් %1 තවදුරටත් නොමැත. වෙනස් විජට් එකක් තෝරන්න."
"Recent items","මෑත අයිතම"
"Show all...","සියල්ල පෙන්වන්න..."
"Please enter a number greater 0 in this field.","කරුණාකර මෙම ක්ෂේත්‍රයේ 0 ට වඩා විශාල සංඛ්‍යාවක් ඇතුළත් කරන්න."
"Please select one of each ratings above.","කරුණාකර ඉහත එක් එක් ඇගයීම් වලින් එකක් තෝරන්න."
"Please specify Url.","කරුණාකර Url සඳහන් කරන්න."
"Method %s does not exist on jQuery.decorate","ක්‍රමය %s jQuery.decorate හි නොමැත"
"Please wait...","කරුණාකර රැඳී සිටින්න..."
"All %1","සියලුම %1"
more,තව
Translate,"පරිවර්තනය කරන්න"
"Please enter {0} words or less.","කරුණාකර වචන {0} ක් හෝ අඩුවෙන් ඇතුළු කරන්න."
"Please enter at least {0} words.","කරුණාකර අවම වශයෙන් වචන {0} ක් ඇතුළු කරන්න."
"Please enter between {0} and {1} words.","කරුණාකර වචන {0} සහ {1} අතර ඇතුළත් කරන්න."
"Letters or punctuation only please","කරුණාකර අකුරු හෝ විරාම ලකුණු පමණි"
"Letters, numbers, spaces or underscores only please","කරුණාකර අකුරු, අංක, හිස්තැන් හෝ යටි ඉරි පමණක්"
"Letters only please","කරුණාකර ලිපි පමණක්"
"No white space please","කරුණාකර සුදු ඉඩක් නැත"
"No marginal white space please","කරුණාකර ආන්තික සුදු ඉඩක් නැත"
"Your ZIP-code must be in the range 902xx-xxxx to 905-xx-xxxx","ඔබගේ ZIP කේතය 902xx-xxxx සිට 905-xx-xxxx දක්වා පරාසයක තිබිය යුතුය"
"A positive or negative non-decimal number please","කරුණාකර ධන හෝ සෘණ දශම නොවන සංඛ්‍යාවක්"
"The specified vehicle identification number (VIN) is invalid.","නිශ්චිත වාහන හඳුනාගැනීමේ අංකය (VIN) වලංගු නොවේ."
"Please enter a correct date","කරුණාකර නිවැරදි දිනයක් ඇතුළත් කරන්න"
"Please enter a valid time, between 00:00 and 23:59","කරුණාකර 00:00 සහ 23:59 අතර වලංගු වේලාවක් ඇතුළත් කරන්න"
"Please enter a valid time, between 00:00 am and 12:00 pm","කරුණාකර 00:00 am සහ 12:00 pm අතර වලංගු වේලාවක් ඇතුළත් කරන්න"
"Please specify a valid phone number","කරුණාකර වලංගු දුරකථන අංකයක් සඳහන් කරන්න"
"Please specify a valid mobile number","කරුණාකර වලංගු ජංගම දුරකථන අංකයක් සඳහන් කරන්න"
"Please enter at least {0} characters","කරුණාකර අවම වශයෙන් අක්ෂර {0} ක් වත් ඇතුලත් කරන්න"
"Please remove invalid characters: {0}.","කරුණාකර වලංගු නොවන අක්ෂර ඉවත් කරන්න: {0}."
"Please enter a valid credit card number.","කරුණාකර වලංගු ණයපත් අංකයක් ඇතුළත් කරන්න."
"Please enter a valid IP v4 address.","කරුණාකර වලංගු IP v4 ලිපිනයක් ඇතුළත් කරන්න."
"Please enter a valid IP v6 address.","කරුණාකර වලංගු IP v6 ලිපිනයක් ඇතුළත් කරන්න."
"Invalid format.","වලංගු නොවන ආකෘතිය."
"HTML tags are not allowed.","HTML ටැග් වලට අවසර නැත."
"Please select an option.","කරුණාකර විකල්පයක් තෝරන්න."
"Empty Value.","හිස් අගය."
"Please use only letters (a-z or A-Z), numbers (0-9) or spaces only in this field.","කරුණාකර මෙම ක්ෂේත්‍රයේ අකුරු (az හෝ AZ), අංක (0-9) හෝ හිස්තැන් පමණක් භාවිතා කරන්න."
"Please use only letters (a-z or A-Z), numbers (0-9) or underscore (_) in this field, and the first character should be a letter.","කරුණාකර මෙම ක්ෂේත්‍රයේ අකුරු (az හෝ AZ), අංක (0-9) හෝ යටි ඉරි (_) පමණක් භාවිතා කරන්න, සහ පළමු අක්ෂරය අකුරක් විය යුතුය."
"Please use only letters (a-z or A-Z), numbers (0-9), spaces and ""#"" in this field.","කරුණාකර මෙම ක්ෂේත්‍රයේ අකුරු (az හෝ AZ), අංක (0-9), හිස්තැන් සහ ""#"" පමණක් භාවිතා කරන්න."
"Please enter a valid phone number. For example (123) 456-7890 or 123-456-7890.","කරුණාකර වලංගු දුරකථන අංකයක් ඇතුළත් කරන්න. උදාහරණයක් ලෙස (123) 456-7890 හෝ 123-456-7890."
"Please enter a valid fax number (Ex: 123-456-7890).","කරුණාකර වලංගු ෆැක්ස් අංකයක් ඇතුළත් කරන්න (උදා: 123-456-7890)."
"Please enter a valid email address (Ex: johndoe@domain.com).","කරුණාකර වලංගු විද්‍යුත් තැපැල් ලිපිනයක් ඇතුළු කරන්න (උදා: johndoe@domain.com)."
"Please enter 6 or more characters. Leading and trailing spaces will be ignored.","කරුණාකර අක්ෂර 6ක් හෝ වැඩි ගණනක් ඇතුලත් කරන්න. ප්‍රමුඛ සහ පසුගාමී අවකාශයන් නොසලකා හරිනු ඇත."
"Please enter 7 or more characters, using both numeric and alphabetic.","කරුණාකර සංඛ්‍යාත්මක සහ අකාරාදී යන දෙකම භාවිතා කරමින් අක්ෂර 7ක් හෝ වැඩි ගණනක් ඇතුළත් කරන්න."
"Minimum length of this field must be equal or greater than %1 symbols. Leading and trailing spaces will be ignored.","මෙම ක්ෂේත්‍රයේ අවම දිග සංකේත %1 ට සමාන හෝ වැඩි විය යුතුය. ප්‍රමුඛ සහ පසුගාමී අවකාශයන් නොසලකා හරිනු ඇත."
"Minimum of different classes of characters in password is %1. Classes of characters: Lower Case, Upper Case, Digits, Special Characters.","මුරපදයේ විවිධ පන්තිවල අක්ෂර අවම වශයෙන් %1වේ. අක්ෂර පන්ති: කුඩා අකුරු, ලොකු අකුරු, ඉලක්කම්, විශේෂ අක්ෂර."
"Please enter a valid URL. Protocol is required (http://, https:// or ftp://).","වලංගු URL එක ඇතුලත් කරන්න. ප්‍රොටෝකෝලය අවශ්‍ය වේ (http://, https:// හෝ ftp://)."
"Please enter a valid URL. For example http://www.example.com or www.example.com.","වලංගු URL එක ඇතුලත් කරන්න. උදාහරණයක් ලෙස http://www.example.com හෝ www.example.com."
"Please enter a valid XML-identifier (Ex: something_1, block5, id-4).","කරුණාකර වලංගු XML-හඳුනාගැනීමක් ඇතුළත් කරන්න (උදා: something_1, block5, id-4)."
"Please enter a valid social security number (Ex: 123-45-6789).","කරුණාකර වලංගු සමාජ ආරක්ෂණ අංකයක් ඇතුළු කරන්න (උදා: 123-45-6789)."
"Please enter a valid zip code (Ex: 90602 or 90602-1234).","කරුණාකර වලංගු සිප් කේතයක් ඇතුළු කරන්න (උදා: 90602 හෝ 90602-1234)."
"Please use this date format: dd/mm/yyyy. For example 17/03/2006 for the 17th of March, 2006.","කරුණාකර මෙම දින ආකෘතිය භාවිතා කරන්න: dd/mm/yyyy. උදාහරණයක් ලෙස 17/03/2006 2006 මාර්තු 17 සඳහා."
"Please enter a valid $ amount. For example $100.00.","කරුණාකර වලංගු $ මුදලක් ඇතුළු කරන්න. උදාහරණයක් ලෙස $100.00."
"Please enter a number 0 or greater in this field.","කරුණාකර මෙම ක්ෂේත්‍රයේ 0 හෝ ඊට වැඩි අංකයක් ඇතුළත් කරන්න."
"Please enter a number greater than 0 in this field.","කරුණාකර මෙම ක්ෂේත්‍රයේ 0 ට වඩා වැඩි අංකයක් ඇතුළු කරන්න."
"Please input a valid CSS-length (Ex: 100px, 77pt, 20em, .5ex or 50%).","කරුණාකර වලංගු CSS දිගක් ඇතුළත් කරන්න (උදා: 100px, 77pt, 20em, .5ex හෝ 50%)."
"Please enter a valid number in this field.","කරුණාකර මෙම ක්ෂේත්‍රයේ වලංගු අංකයක් ඇතුළත් කරන්න."
"The value is not within the specified range.","අගය නිශ්චිත පරාසය තුළ නොවේ."
"Forbidden extensions has been used. Avoid usage of ","තහනම් දිගු භාවිතා කර ඇත. භාවිතා කිරීමෙන් වළකින්න "
"Please use letters only (a-z or A-Z) in this field.","කරුණාකර මෙම ක්ෂේත්‍රයේ අකුරු පමණක් (az හෝ AZ) භාවිතා කරන්න."
"Please use only letters (a-z or A-Z) or numbers (0-9) in this field. No spaces or other characters are allowed.","කරුණාකර මෙම ක්ෂේත්‍රයේ අකුරු (az හෝ AZ) හෝ අංක (0-9) පමණක් භාවිතා කරන්න. හිස්තැන් හෝ වෙනත් අක්ෂරවලට ඉඩ නොදේ."
"First character must be letter.","පළමු අක්ෂරය අකුර විය යුතුය."
"Please enter a valid date.","කරුණාකර වලංගු දිනයක් ඇතුළත් කරන්න."
"Make sure the To Date is later than or the same as the From Date.","To Date එක From Date එකට වඩා ප්‍රමාද හෝ ඊට සමාන බව සහතික කර ගන්න."
"Please make sure your passwords match.","කරුණාකර ඔබගේ මුරපද ගැලපෙන බවට වග බලා ගන්න."
"Please enter a valid URL Key (Ex: ""example-page"", ""example-page.html"" or ""anotherlevel/example-page"").","කරුණාකර වලංගු URL යතුරක් ඇතුළත් කරන්න (උදා: ""උදාහරණ-පිටුව"", ""උදාහරණ-පිටුව.html"" හෝ ""වෙනත් මට්ටමේ/උදාහරණ-පිටුව"")."
"Please enter a valid zip code.","වලංගු තැපැල් කේතයක් ඇතුල් කරන්න."
"Please select one of the options above.","කරුණාකර ඉහත විකල්ප වලින් එකක් තෝරන්න."
"Please select State/Province.","කරුණාකර ප්‍රාන්තය/පළාත තෝරන්න."
"Please select a file.","කරුණාකර ගොනුවක් තෝරන්න."
"The field isn't complete.","ක්ෂේත්‍රය සම්පූර්ණ නැත."
"This is a required field.","මෙය අවශ්ය ක්ෂේත්රයකි."
"Please select one of the options.","කරුණාකර විකල්ප වලින් එකක් තෝරන්න."
"Please enter a value less than or equal to %s.","කරුණාකර %sට අඩු හෝ සමාන අගයක් ඇතුළත් කරන්න."
"Please enter a value greater than or equal to %s.","කරුණාකර %sට වඩා වැඩි හෝ සමාන අගයක් ඇතුළත් කරන්න."
"Please enter valid email addresses, separated by commas. For example, johndoe@domain.com, johnsmith@domain.com.","කරුණාකර කොමා වලින් වෙන් කර වලංගු ඊමේල් ලිපින ඇතුලත් කරන්න. උදාහරණයක් ලෙස, johndoe@domain.com, johnsmith@domain.com."
"Card type does not match credit card number.","කාඩ්පත් වර්ගය ණයපත් අංකයට නොගැලපේ."
"Credit card number does not match credit card type.","ක්‍රෙඩිට් කාඩ් අංකය ක්‍රෙඩිට් කාඩ් වර්ගයට නොගැලපේ."
"Incorrect credit card expiration date.","වැරදි ක්‍රෙඩිට් කාඩ් කල් ඉකුත් වීමේ දිනය."
"Please enter a valid credit card verification number.","කරුණාකර වලංගු ක්‍රෙඩිට් කාඩ් සත්‍යාපන අංකයක් ඇතුළු කරන්න."
"Please enter issue number or start date for switch/solo card type.","කරුණාකර ස්විච්/තනි කාඩ්පත් වර්ගය සඳහා නිකුත් අංකය හෝ ආරම්භක දිනය ඇතුළත් කරන්න."
"Please enter less or equal than %1 symbols.","කරුණාකර සංකේත %1 ට වඩා අඩු හෝ සමාන ඇතුළත් කරන්න."
"Please enter more or equal than %1 symbols.","කරුණාකර සංකේත %1 ට වඩා වැඩි හෝ සමාන ඇතුළු කරන්න."
"Please enter positive number in this field.","කරුණාකර මෙම ක්ෂේත්‍රයේ ධන අංකය ඇතුළත් කරන්න."
"Please enter a valid value, ex: 10,20,30","කරුණාකර වලංගු අගයක් ඇතුළු කරන්න, උදා: 10,20,30"
"Please enter a valid value from list","කරුණාකර ලැයිස්තුවෙන් වලංගු අගයක් ඇතුළත් කරන්න"
"Please enter valid SKU key.","කරුණාකර වලංගු SKU යතුර ඇතුළු කරන්න."
"Please enter a valid number.","කරුණාකර වලංගු අංකයක් ඇතුළත් කරන්න."
"This is required field","මෙය අවශ්ය ක්ෂේත්රයකි"
"Admin is a required field in each row.","පරිපාලක යනු එක් එක් පේළියේ අවශ්‍ය ක්ෂේත්‍රයකි."
"Please enter a quantity greater than 0.","කරුණාකර 0 ට වඩා වැඩි ප්‍රමාණයක් ඇතුළත් කරන්න."
"The fewest you may purchase is %1.","ඔබට මිලදී ගත හැකි අඩුම අගය %1වේ."
"The maximum you may purchase is %1.","ඔබට මිලදී ගත හැකි උපරිමය %1වේ."
"You can buy this product only in quantities of %1 at a time.","ඔබට මෙම නිෂ්පාදනය මිලදී ගත හැක්කේ වරකට %1 ප්‍රමාණවලින් පමණි."
"The password can't be the same as the email address. Create a new password and try again.","මුරපදය ඊමේල් ලිපිනයට සමාන විය නොහැක. නව මුරපදයක් සාදා නැවත උත්සාහ කරන්න."
"Please fix this field.","කරුණාකර මෙම ක්ෂේත්‍රය නිවැරදි කරන්න."
"Please enter a valid email address.","කරණාකර වලංගු ඊතැපැල් ලිපිනයක් ඇතුළු කරන්න."
"Please enter a valid URL.","වලංගු URL එක ඇතුලත් කරන්න."
"Please enter a valid date (ISO).","කරුණාකර වලංගු දිනයක් ඇතුළත් කරන්න (ISO)."
"Please enter only digits.","කරුණාකර ඉලක්කම් පමණක් ඇතුළත් කරන්න."
"Please enter the same value again.","කරුණාකර එම අගය නැවත ඇතුළු කරන්න."
"Please enter no more than {0} characters.","කරුණාකර අනුලකුණු {0} ට වඩා ඇතුළු නොකරන්න."
"Please enter at least {0} characters.","කරුණාකර අවම වශයෙන් අනුලකුණු {0} ක් ඇතුළු කරන්න."
"Please enter a value between {0} and {1} characters long.","කරුණාකර අක්ෂර {0} සහ {1} අතර දිග අගයක් ඇතුළත් කරන්න."
"Please enter a value between {0} and {1}.","කරුණාකර {0} සහ {1}අතර අගයක් ඇතුලත් කරන්න."
"Please enter a value less than or equal to {0}.","කරුණාකර {0}ට අඩු හෝ සමාන අගයක් ඇතුළත් කරන්න."
"Please enter a value greater than or equal to {0}.","කරුණාකර {0}ට වඩා වැඩි හෝ සමාන අගයක් ඇතුළත් කරන්න."
"Please specify the quantity of product(s).","කරුණාකර නිෂ්පාදන (ය) ප්‍රමාණය සඳහන් කරන්න."
"Please enter a date between %min and %max.","කරුණාකර %min සහ %max අතර දිනයක් ඇතුළු කරන්න."
"Please enter a valid full date.","කරුණාකර වලංගු සම්පූර්ණ දිනයක් ඇතුළත් කරන්න."
"Please enter a valid month (1-12).","කරුණාකර වලංගු මාසයක් ඇතුළත් කරන්න (1-12)."
"Please enter a valid year (1900-%1).","කරුණාකර වලංගු වසරක් ඇතුළත් කරන්න (%1)."
"Please enter a valid day (1-%1).","කරුණාකර වලංගු දිනයක් ඇතුළත් කරන්න (%1)."
"Please enter a date from the past.","කරුණාකර අතීතයේ දිනයක් ඇතුළත් කරන්න."
